dataset,method,sample_id,graph_path,Nodes,Edges,Density,Avg Degree,Degree Mean,Degree Std,Degree Min,Degree Max,Transitivity,Avg Clustering,Connected Components,LCC Size,LCC Fraction,Assortativity,Avg Shortest Path (LCC),Diameter (LCC),_raw_nodes,_raw_edges,_raw_is_directed,_raw_is_multigraph,_raw_selfloops,node_overlap_ref_frac,node_overlap_common,status,error
football,EC-SBM,0,results\final\final_dataset\EC-SBM\football_0.gml,115.0,658.0,0.1003813882532418,11.443478260869565,11.443478260869565,1.6586600372266247,7.0,17.0,0.4442389758179232,0.4381986697587724,1.0,115.0,1.0,0.17461860097185947,2.420289855072464,4.0,115.0,658.0,0.0,0.0,0.0,1.0,115,ok,
football,EC-SBM,1,results\final\final_dataset\EC-SBM\football_1.gml,115.0,660.0,0.10068649885583524,11.478260869565217,11.478260869565217,1.8050548640919066,7.0,18.0,0.44600872870618047,0.44198407872320933,1.0,115.0,1.0,0.08432140112883572,2.434324942791762,4.0,115.0,660.0,0.0,0.0,0.0,1.0,115,ok,
football,EC-SBM,10,results\final\final_dataset\EC-SBM\football_10.gml,115.0,660.0,0.10068649885583524,11.478260869565217,11.478260869565217,1.771012120779265,7.0,19.0,0.4443348365276212,0.44066938139558975,1.0,115.0,1.0,0.1337702927938392,2.4189168573607933,4.0,115.0,660.0,0.0,0.0,0.0,1.0,115,ok,
football,EC-SBM,11,results\final\final_dataset\EC-SBM\football_11.gml,115.0,659.0,0.10053394355453853,11.460869565217392,11.460869565217392,1.7005725712075004,7.0,18.0,0.448300283286119,0.43938990676842343,1.0,115.0,1.0,0.17967113369216012,2.4291380625476737,4.0,115.0,659.0,0.0,0.0,0.0,1.0,115,ok,
football,EC-SBM,12,results\final\final_dataset\EC-SBM\football_12.gml,115.0,658.0,0.1003813882532418,11.443478260869565,11.443478260869565,1.6949608401161989,7.0,18.0,0.45616029558050303,0.4495717127430686,1.0,115.0,1.0,0.16248948007305128,2.4356979405034327,4.0,115.0,658.0,0.0,0.0,0.0,1.0,115,ok,
football,EC-SBM,13,results\final\final_dataset\EC-SBM\football_13.gml,115.0,659.0,0.10053394355453853,11.460869565217392,11.460869565217392,1.674810600696138,7.0,18.0,0.45372076541459955,0.4481254593658689,1.0,115.0,1.0,0.15402214724117996,2.4286803966437835,4.0,115.0,659.0,0.0,0.0,0.0,1.0,115,ok,
football,EC-SBM,14,results\final\final_dataset\EC-SBM\football_14.gml,115.0,658.0,0.1003813882532418,11.443478260869565,11.443478260869565,1.6691122573956134,7.0,18.0,0.45776450511945393,0.4530580743496346,1.0,115.0,1.0,0.1813625849863344,2.4414950419527077,4.0,115.0,658.0,0.0,0.0,0.0,1.0,115,ok,
football,EC-SBM,15,results\final\final_dataset\EC-SBM\football_15.gml,115.0,660.0,0.10068649885583524,11.478260869565217,11.478260869565217,1.7759153235148617,7.0,19.0,0.44807665210652387,0.4452351388459882,1.0,115.0,1.0,0.14091573029223917,2.41998474446987,4.0,115.0,660.0,0.0,0.0,0.0,1.0,115,ok,
football,EC-SBM,16,results\final\final_dataset\EC-SBM\football_16.gml,115.0,658.0,0.1003813882532418,11.443478260869565,11.443478260869565,1.6898227555514764,7.0,18.0,0.44897669130187606,0.44370321068530794,1.0,115.0,1.0,0.18096550472658557,2.4231884057971014,4.0,115.0,658.0,0.0,0.0,0.0,1.0,115,ok,
football,EC-SBM,17,results\final\final_dataset\EC-SBM\football_17.gml,115.0,659.0,0.10053394355453853,11.460869565217392,11.460869565217392,1.7158441021802555,7.0,18.0,0.4566048421350701,0.452853848339782,1.0,115.0,1.0,0.14170310066688988,2.4276125095347063,4.0,115.0,659.0,0.0,0.0,0.0,1.0,115,ok,
football,EC-SBM,18,results\final\final_dataset\EC-SBM\football_18.gml,115.0,659.0,0.10053394355453853,11.460869565217392,11.460869565217392,1.7459864859367396,7.0,19.0,0.4456075824020371,0.44039718757783125,1.0,115.0,1.0,0.11790871045529355,2.4233409610983982,4.0,115.0,659.0,0.0,0.0,0.0,1.0,115,ok,
football,EC-SBM,19,results\final\final_dataset\EC-SBM\football_19.gml,115.0,657.0,0.10022883295194508,11.42608695652174,11.42608695652174,1.6368626914617588,7.0,18.0,0.45145631067961167,0.4427000266002822,1.0,115.0,1.0,0.15775987609374562,2.4260869565217393,4.0,115.0,657.0,0.0,0.0,0.0,1.0,115,ok,
football,EC-SBM,2,results\final\final_dataset\EC-SBM\football_2.gml,115.0,661.0,0.10083905415713196,11.495652173913044,11.495652173913044,1.805180530745396,7.0,19.0,0.44042105263157894,0.43569573006374746,1.0,115.0,1.0,0.1265225097148868,2.4204424103737603,4.0,115.0,661.0,0.0,0.0,0.0,1.0,115,ok,
football,EC-SBM,20,results\final\final_dataset\EC-SBM\football_20.gml,115.0,657.0,0.10022883295194508,11.42608695652174,11.42608695652174,1.6368626914617588,7.0,18.0,0.44503141062250146,0.4376719713931993,1.0,115.0,1.0,0.10280209296534257,2.4231884057971014,4.0,115.0,657.0,0.0,0.0,0.0,1.0,115,ok,
football,EC-SBM,21,results\final\final_dataset\EC-SBM\football_21.gml,115.0,658.0,0.1003813882532418,11.443478260869565,11.443478260869565,1.6846690003771538,7.0,18.0,0.44477611940298506,0.43500813196465393,1.0,115.0,1.0,0.18231277948591174,2.427765064836003,4.0,115.0,658.0,0.0,0.0,0.0,1.0,115,ok,
football,EC-SBM,22,results\final\final_dataset\EC-SBM\football_22.gml,115.0,660.0,0.10068649885583524,11.478260869565217,11.478260869565217,1.7759153235148617,7.0,19.0,0.4438495138791039,0.44097922418288565,1.0,115.0,1.0,0.08215760807166254,2.4147978642257817,4.0,115.0,660.0,0.0,0.0,0.0,1.0,115,ok,
football,EC-SBM,23,results\final\final_dataset\EC-SBM\football_23.gml,115.0,659.0,0.10053394355453853,11.460869565217392,11.460869565217392,1.7459864859367396,7.0,19.0,0.4451831942283208,0.44033136230067205,1.0,115.0,1.0,0.11016105121896337,2.4231884057971014,4.0,115.0,659.0,0.0,0.0,0.0,1.0,115,ok,
football,EC-SBM,24,results\final\final_dataset\EC-SBM\football_24.gml,115.0,659.0,0.10053394355453853,11.460869565217392,11.460869565217392,1.7359971775259517,7.0,19.0,0.4474317249186359,0.4419576972585454,1.0,115.0,1.0,0.14441896578396587,2.4395118230358506,4.0,115.0,659.0,0.0,0.0,0.0,1.0,115,ok,
football,EC-SBM,25,results\final\final_dataset\EC-SBM\football_25.gml,115.0,661.0,0.10083905415713196,11.495652173913044,11.495652173913044,1.7760430519824888,7.0,18.0,0.4441635061104088,0.4388429970143524,1.0,115.0,1.0,0.10371778544753983,2.426697177726926,4.0,115.0,661.0,0.0,0.0,0.0,1.0,115,ok,
football,EC-SBM,26,results\final\final_dataset\EC-SBM\football_26.gml,115.0,658.0,0.1003813882532418,11.443478260869565,11.443478260869565,1.7204211028892145,7.0,19.0,0.4532803180914513,0.4486840184538395,1.0,115.0,1.0,0.18016095826314343,2.4312738367658278,4.0,115.0,658.0,0.0,0.0,0.0,1.0,115,ok,
football,EC-SBM,27,results\final\final_dataset\EC-SBM\football_27.gml,115.0,660.0,0.10068649885583524,11.478260869565217,11.478260869565217,1.7611647632323948,7.0,19.0,0.446574570059205,0.4412924844557638,1.0,115.0,1.0,0.15804693722190744,2.420747520976354,4.0,115.0,660.0,0.0,0.0,0.0,1.0,115,ok,
football,EC-SBM,28,results\final\final_dataset\EC-SBM\football_28.gml,115.0,661.0,0.10083905415713196,11.495652173913044,11.495652173913044,1.78580836911213,7.0,19.0,0.44698778261480127,0.4429194931240968,1.0,115.0,1.0,0.13745175694576864,2.428985507246377,4.0,115.0,661.0,0.0,0.0,0.0,1.0,115,ok,
football,EC-SBM,29,results\final\final_dataset\EC-SBM\football_29.gml,115.0,659.0,0.10053394355453853,11.460869565217392,11.460869565217392,1.7359971775259522,7.0,18.0,0.44658270836281305,0.4407629270416998,1.0,115.0,1.0,0.09284932087478291,2.4327993897787947,4.0,115.0,659.0,0.0,0.0,0.0,1.0,115,ok,
football,EC-SBM,3,results\final\final_dataset\EC-SBM\football_3.gml,115.0,658.0,0.1003813882532418,11.443478260869565,11.443478260869565,1.642857025443526,7.0,18.0,0.44912480432617047,0.4415184928739918,1.0,115.0,1.0,0.16388751294464696,2.4260869565217393,4.0,115.0,658.0,0.0,0.0,0.0,1.0,115,ok,
football,EC-SBM,4,results\final\final_dataset\EC-SBM\football_4.gml,115.0,659.0,0.10053394355453853,11.460869565217392,11.460869565217392,1.7259500548053004,7.0,18.0,0.4454352441613588,0.43886908204043773,1.0,115.0,1.0,0.1579176634177511,2.4233409610983982,4.0,115.0,659.0,0.0,0.0,0.0,1.0,115,ok,
football,EC-SBM,5,results\final\final_dataset\EC-SBM\football_5.gml,115.0,660.0,0.10068649885583524,11.478260869565217,11.478260869565217,1.7512620348068317,7.0,19.0,0.4467005076142132,0.44325162401350315,1.0,115.0,1.0,0.16535451039456595,2.428985507246377,4.0,115.0,660.0,0.0,0.0,0.0,1.0,115,ok,
football,EC-SBM,6,results\final\final_dataset\EC-SBM\football_6.gml,115.0,659.0,0.10053394355453853,11.460869565217392,11.460869565217392,1.735997177525952,7.0,19.0,0.44615820008490165,0.43928789163006443,1.0,115.0,1.0,0.1606720781394901,2.435392829900839,4.0,115.0,659.0,0.0,0.0,0.0,1.0,115,ok,
football,EC-SBM,7,results\final\final_dataset\EC-SBM\football_7.gml,115.0,658.0,0.1003813882532418,11.443478260869565,11.443478260869565,1.7102824803437848,7.0,19.0,0.44360795454545454,0.43681692060949046,1.0,115.0,1.0,0.15612747051049947,2.424408848207475,4.0,115.0,658.0,0.0,0.0,0.0,1.0,115,ok,
football,EC-SBM,8,results\final\final_dataset\EC-SBM\football_8.gml,115.0,659.0,0.10053394355453853,11.460869565217392,11.460869565217392,1.7005725712075006,7.0,18.0,0.45042492917847027,0.4441807553060752,1.0,115.0,1.0,0.15612786434399933,2.42837528604119,4.0,115.0,659.0,0.0,0.0,0.0,1.0,115,ok,
football,EC-SBM,9,results\final\final_dataset\EC-SBM\football_9.gml,115.0,658.0,0.1003813882532418,11.443478260869565,11.443478260869565,1.7051905636095523,7.0,18.0,0.4556044892740446,0.44978743904575125,1.0,115.0,1.0,0.11930914627793213,2.4285278413424867,4.0,115.0,658.0,0.0,0.0,0.0,1.0,115,ok,
karate,EC-SBM,0,results\final\final_dataset\EC-SBM\karate_0.gml,34.0,76.0,0.1354723707664884,4.470588235294118,4.470588235294118,3.5499402987328494,1.0,16.0,0.2196652719665272,0.42104300927830346,1.0,34.0,1.0,-0.34910248474666267,2.242424242424242,4.0,34.0,76.0,0.0,0.0,0.0,1.0,34,ok,
karate,EC-SBM,1,results\final\final_dataset\EC-SBM\karate_1.gml,34.0,78.0,0.13903743315508021,4.588235294117647,4.588235294117647,3.820360677912828,1.0,17.0,0.26136363636363635,0.4365759672853098,1.0,34.0,1.0,-0.26989998629949336,2.2245989304812834,4.0,34.0,78.0,0.0,0.0,0.0,1.0,34,ok,
karate,EC-SBM,10,results\final\final_dataset\EC-SBM\karate_10.gml,34.0,78.0,0.13903743315508021,4.588235294117647,4.588235294117647,3.820360677912828,1.0,17.0,0.2215909090909091,0.3943264828212925,1.0,34.0,1.0,-0.299287573640225,2.212121212121212,4.0,34.0,78.0,0.0,0.0,0.0,1.0,34,ok,
karate,EC-SBM,11,results\final\final_dataset\EC-SBM\karate_11.gml,34.0,77.0,0.13725490196078433,4.529411764705882,4.529411764705882,3.8289554259587875,1.0,17.0,0.2648752399232246,0.4477242144629688,1.0,34.0,1.0,-0.26415863879458434,2.2210338680926918,3.0,34.0,77.0,0.0,0.0,0.0,1.0,34,ok,
karate,EC-SBM,12,results\final\final_dataset\EC-SBM\karate_12.gml,34.0,78.0,0.13903743315508021,4.588235294117647,4.588235294117647,3.820360677912828,1.0,17.0,0.22727272727272727,0.40811313830344975,1.0,34.0,1.0,-0.30552130428825885,2.212121212121212,4.0,34.0,78.0,0.0,0.0,0.0,1.0,34,ok,
karate,EC-SBM,13,results\final\final_dataset\EC-SBM\karate_13.gml,34.0,77.0,0.13725490196078433,4.529411764705882,4.529411764705882,3.735641484542924,1.0,16.0,0.22986247544204322,0.42324717765894243,1.0,34.0,1.0,-0.2721835874433831,2.228163992869875,4.0,34.0,77.0,0.0,0.0,0.0,1.0,34,ok,
karate,EC-SBM,14,results\final\final_dataset\EC-SBM\karate_14.gml,34.0,78.0,0.13903743315508021,4.588235294117647,4.588235294117647,3.8203606779128276,1.0,17.0,0.25,0.48811995386389845,1.0,34.0,1.0,-0.32600356213179926,2.233511586452763,4.0,34.0,78.0,0.0,0.0,0.0,1.0,34,ok,
karate,EC-SBM,15,results\final\final_dataset\EC-SBM\karate_15.gml,34.0,78.0,0.13903743315508021,4.588235294117647,4.588235294117647,3.820360677912828,1.0,17.0,0.23863636363636365,0.36116659676348256,1.0,34.0,1.0,-0.285929579394438,2.2245989304812834,4.0,34.0,78.0,0.0,0.0,0.0,1.0,34,ok,
karate,EC-SBM,16,results\final\final_dataset\EC-SBM\karate_16.gml,34.0,78.0,0.13903743315508021,4.588235294117647,4.588235294117647,3.820360677912828,1.0,17.0,0.25,0.43898806403131657,1.0,34.0,1.0,-0.4048157281819431,2.2263814616755795,4.0,34.0,78.0,0.0,0.0,0.0,1.0,34,ok,
karate,EC-SBM,17,results\final\final_dataset\EC-SBM\karate_17.gml,34.0,78.0,0.13903743315508021,4.588235294117647,4.588235294117647,3.820360677912828,1.0,17.0,0.2159090909090909,0.3940394428716228,1.0,34.0,1.0,-0.3188792985340461,2.206773618538324,4.0,34.0,78.0,0.0,0.0,0.0,1.0,34,ok,
karate,EC-SBM,18,results\final\final_dataset\EC-SBM\karate_18.gml,34.0,78.0,0.13903743315508021,4.588235294117647,4.588235294117647,3.820360677912828,1.0,17.0,0.23863636363636365,0.5079794484638775,1.0,34.0,1.0,-0.3861145362378408,2.196078431372549,4.0,34.0,78.0,0.0,0.0,0.0,1.0,34,ok,
karate,EC-SBM,19,results\final\final_dataset\EC-SBM\karate_19.gml,34.0,77.0,0.13725490196078433,4.529411764705882,4.529411764705882,3.672115067062026,1.0,16.0,0.2275449101796407,0.36853089720736776,1.0,34.0,1.0,-0.31806512109160284,2.2245989304812834,4.0,34.0,77.0,0.0,0.0,0.0,1.0,34,ok,
karate,EC-SBM,2,results\final\final_dataset\EC-SBM\karate_2.gml,34.0,77.0,0.13725490196078433,4.529411764705882,4.529411764705882,3.8212662985674624,1.0,17.0,0.2423076923076923,0.5220911537520534,1.0,34.0,1.0,-0.3854790634099279,2.2032085561497325,4.0,34.0,77.0,0.0,0.0,0.0,1.0,34,ok,
karate,EC-SBM,20,results\final\final_dataset\EC-SBM\karate_20.gml,34.0,78.0,0.13903743315508021,4.588235294117647,4.588235294117647,3.820360677912828,1.0,17.0,0.24431818181818182,0.5112959176540491,1.0,34.0,1.0,-0.369639676668037,2.215686274509804,4.0,34.0,78.0,0.0,0.0,0.0,1.0,34,ok,
karate,EC-SBM,21,results\final\final_dataset\EC-SBM\karate_21.gml,34.0,77.0,0.13725490196078433,4.529411764705882,4.529411764705882,3.813561667936643,1.0,17.0,0.23121387283236994,0.41149819999300963,1.0,34.0,1.0,-0.35110958197144293,2.237076648841355,4.0,34.0,77.0,0.0,0.0,0.0,1.0,34,ok,
karate,EC-SBM,22,results\final\final_dataset\EC-SBM\karate_22.gml,34.0,78.0,0.13903743315508021,4.588235294117647,4.588235294117647,3.820360677912828,1.0,17.0,0.23863636363636365,0.3603002341756668,1.0,34.0,1.0,-0.2765789834223867,2.2085561497326203,4.0,34.0,78.0,0.0,0.0,0.0,1.0,34,ok,
karate,EC-SBM,23,results\final\final_dataset\EC-SBM\karate_23.gml,34.0,77.0,0.13725490196078433,4.529411764705882,4.529411764705882,3.735641484542924,1.0,17.0,0.2180746561886051,0.4499183006535949,1.0,34.0,1.0,-0.3350375104195611,2.228163992869875,4.0,34.0,77.0,0.0,0.0,0.0,1.0,34,ok,
karate,EC-SBM,24,results\final\final_dataset\EC-SBM\karate_24.gml,34.0,77.0,0.13725490196078433,4.529411764705882,4.529411764705882,3.813561667936643,1.0,17.0,0.26011560693641617,0.44948446401733605,1.0,34.0,1.0,-0.28708641550547626,2.237076648841355,4.0,34.0,77.0,0.0,0.0,0.0,1.0,34,ok,
karate,EC-SBM,25,results\final\final_dataset\EC-SBM\karate_25.gml,34.0,78.0,0.13903743315508021,4.588235294117647,4.588235294117647,3.820360677912828,1.0,17.0,0.2215909090909091,0.39943902694767747,1.0,34.0,1.0,-0.30240443896424174,2.2032085561497325,4.0,34.0,78.0,0.0,0.0,0.0,1.0,34,ok,
karate,EC-SBM,26,results\final\final_dataset\EC-SBM\karate_26.gml,34.0,78.0,0.13903743315508021,4.588235294117647,4.588235294117647,3.820360677912828,1.0,17.0,0.19886363636363635,0.390909964698892,1.0,34.0,1.0,-0.3411426222770246,2.1729055258467023,4.0,34.0,78.0,0.0,0.0,0.0,1.0,34,ok,
karate,EC-SBM,27,results\final\final_dataset\EC-SBM\karate_27.gml,34.0,78.0,0.13903743315508021,4.588235294117647,4.588235294117647,3.820360677912828,1.0,17.0,0.26704545454545453,0.4410034602076125,1.0,34.0,1.0,-0.2823674475955613,2.242424242424242,4.0,34.0,78.0,0.0,0.0,0.0,1.0,34,ok,
karate,EC-SBM,28,results\final\final_dataset\EC-SBM\karate_28.gml,34.0,77.0,0.13725490196078433,4.529411764705882,4.529411764705882,3.751355003177064,1.0,17.0,0.2583170254403131,0.46413816863643864,1.0,34.0,1.0,-0.2428945859611764,2.229946524064171,3.0,34.0,77.0,0.0,0.0,0.0,1.0,34,ok,
karate,EC-SBM,29,results\final\final_dataset\EC-SBM\karate_29.gml,34.0,78.0,0.13903743315508021,4.588235294117647,4.588235294117647,3.8203606779128276,1.0,17.0,0.22727272727272727,0.4332179930795847,1.0,34.0,1.0,-0.2863748458692971,2.201426024955437,4.0,34.0,78.0,0.0,0.0,0.0,1.0,34,ok,
karate,EC-SBM,3,results\final\final_dataset\EC-SBM\karate_3.gml,34.0,78.0,0.13903743315508021,4.588235294117647,4.588235294117647,3.820360677912828,1.0,17.0,0.23863636363636365,0.3522465135786935,1.0,34.0,1.0,-0.24763666255651437,2.2192513368983957,4.0,34.0,78.0,0.0,0.0,0.0,1.0,34,ok,
karate,EC-SBM,4,results\final\final_dataset\EC-SBM\karate_4.gml,34.0,78.0,0.13903743315508021,4.588235294117647,4.588235294117647,3.820360677912828,1.0,17.0,0.22727272727272727,0.4963139177239524,1.0,34.0,1.0,-0.2992875736402251,2.213903743315508,4.0,34.0,78.0,0.0,0.0,0.0,1.0,34,ok,
karate,EC-SBM,5,results\final\final_dataset\EC-SBM\karate_5.gml,34.0,78.0,0.13903743315508021,4.588235294117647,4.588235294117647,3.820360677912828,1.0,17.0,0.24431818181818182,0.44315167243367937,1.0,34.0,1.0,-0.2934991094670506,2.2103386809269163,4.0,34.0,78.0,0.0,0.0,0.0,1.0,34,ok,
karate,EC-SBM,6,results\final\final_dataset\EC-SBM\karate_6.gml,34.0,78.0,0.13903743315508021,4.588235294117647,4.588235294117647,3.820360677912828,1.0,17.0,0.24431818181818182,0.44016243752402917,1.0,34.0,1.0,-0.29528017536648815,2.2174688057040997,4.0,34.0,78.0,0.0,0.0,0.0,1.0,34,ok,
karate,EC-SBM,7,results\final\final_dataset\EC-SBM\karate_7.gml,34.0,78.0,0.13903743315508021,4.588235294117647,4.588235294117647,3.820360677912828,1.0,17.0,0.23295454545454544,0.36111635384991786,1.0,34.0,1.0,-0.28058638169612315,2.212121212121212,4.0,34.0,78.0,0.0,0.0,0.0,1.0,34,ok,
karate,EC-SBM,8,results\final\final_dataset\EC-SBM\karate_8.gml,34.0,78.0,0.13903743315508021,4.588235294117647,4.588235294117647,3.820360677912828,1.0,17.0,0.2556818181818182,0.4979321764356368,1.0,34.0,1.0,-0.2814769146458416,2.2263814616755795,4.0,34.0,78.0,0.0,0.0,0.0,1.0,34,ok,
karate,EC-SBM,9,results\final\final_dataset\EC-SBM\karate_9.gml,34.0,77.0,0.13725490196078433,4.529411764705882,4.529411764705882,3.8442875429398837,1.0,17.0,0.25239005736137665,0.5193505120408235,1.0,34.0,1.0,-0.29250095209518656,2.2192513368983957,3.0,34.0,77.0,0.0,0.0,0.0,1.0,34,ok,
polbooks,EC-SBM,0,results\final\final_dataset\EC-SBM\polbooks_0.gml,105.0,441.0,0.08076923076923077,8.4,8.4,5.448634603973646,2.0,25.0,0.1847781003732891,0.2079118677105332,1.0,105.0,1.0,-0.09858648402309182,2.4864468864468865,5.0,105.0,441.0,0.0,0.0,0.0,1.0,105,ok,
polbooks,EC-SBM,1,results\final\final_dataset\EC-SBM\polbooks_1.gml,105.0,440.0,0.08058608058608059,8.380952380952381,8.380952380952381,5.443005039027182,2.0,25.0,0.1848844472204872,0.21297487016370537,1.0,105.0,1.0,-0.14871793485661003,2.505860805860806,5.0,105.0,440.0,0.0,0.0,0.0,1.0,105,ok,
polbooks,EC-SBM,10,results\final\final_dataset\EC-SBM\polbooks_10.gml,105.0,441.0,0.08076923076923077,8.4,8.4,5.448634603973646,2.0,25.0,0.17917876399834093,0.22042814013690687,1.0,105.0,1.0,-0.13697154806398446,2.4877289377289378,5.0,105.0,441.0,0.0,0.0,0.0,1.0,105,ok,
polbooks,EC-SBM,11,results\final\final_dataset\EC-SBM\polbooks_11.gml,105.0,441.0,0.08076923076923077,8.4,8.4,5.448634603973646,2.0,25.0,0.19659892160929074,0.23353056117427395,1.0,105.0,1.0,-0.1479316244890973,2.525274725274725,4.0,105.0,441.0,0.0,0.0,0.0,1.0,105,ok,
polbooks,EC-SBM,12,results\final\final_dataset\EC-SBM\polbooks_12.gml,105.0,441.0,0.08076923076923077,8.4,8.4,5.448634603973646,2.0,25.0,0.19037743674823723,0.2164772963762253,1.0,105.0,1.0,-0.10587667060450094,2.4967032967032967,4.0,105.0,441.0,0.0,0.0,0.0,1.0,105,ok,
polbooks,EC-SBM,13,results\final\final_dataset\EC-SBM\polbooks_13.gml,105.0,441.0,0.08076923076923077,8.4,8.4,5.4486346039736455,2.0,25.0,0.19286603069265865,0.2090735295268495,1.0,105.0,1.0,-0.09556130455733647,2.506043956043956,5.0,105.0,441.0,0.0,0.0,0.0,1.0,105,ok,
polbooks,EC-SBM,14,results\final\final_dataset\EC-SBM\polbooks_14.gml,105.0,441.0,0.08076923076923077,8.4,8.4,5.4486346039736455,2.0,25.0,0.18228950642886768,0.21375583875158904,1.0,105.0,1.0,-0.11559691937971417,2.4655677655677657,4.0,105.0,441.0,0.0,0.0,0.0,1.0,105,ok,
polbooks,EC-SBM,15,results\final\final_dataset\EC-SBM\polbooks_15.gml,105.0,441.0,0.08076923076923077,8.4,8.4,5.448634603973646,2.0,25.0,0.19784321858150145,0.23375931247825185,1.0,105.0,1.0,-0.12953258216458738,2.5007326007326007,5.0,105.0,441.0,0.0,0.0,0.0,1.0,105,ok,
polbooks,EC-SBM,16,results\final\final_dataset\EC-SBM\polbooks_16.gml,105.0,441.0,0.08076923076923077,8.4,8.4,5.448634603973646,2.0,25.0,0.205931148900871,0.24012977202281657,1.0,105.0,1.0,-0.1192172161174219,2.4996336996336996,4.0,105.0,441.0,0.0,0.0,0.0,1.0,105,ok,
polbooks,EC-SBM,17,results\final\final_dataset\EC-SBM\polbooks_17.gml,105.0,441.0,0.08076923076923077,8.4,8.4,5.448634603973646,2.0,25.0,0.18540024885939443,0.21808353611261128,1.0,105.0,1.0,-0.15289093508869608,2.5247252747252746,5.0,105.0,441.0,0.0,0.0,0.0,1.0,105,ok,
polbooks,EC-SBM,18,results\final\final_dataset\EC-SBM\polbooks_18.gml,105.0,441.0,0.08076923076923077,8.4,8.4,5.448634603973646,2.0,25.0,0.1909995852343426,0.23065709327013467,1.0,105.0,1.0,-0.16786805309948402,2.4943223443223443,4.0,105.0,441.0,0.0,0.0,0.0,1.0,105,ok,
polbooks,EC-SBM,19,results\final\final_dataset\EC-SBM\polbooks_19.gml,105.0,441.0,0.08076923076923077,8.4,8.4,5.4486346039736455,2.0,25.0,0.19286603069265865,0.23968844381209042,1.0,105.0,1.0,-0.1727281774870907,2.4732600732600734,4.0,105.0,441.0,0.0,0.0,0.0,1.0,105,ok,
polbooks,EC-SBM,2,results\final\final_dataset\EC-SBM\polbooks_2.gml,105.0,441.0,0.08076923076923077,8.4,8.4,5.4486346039736455,2.0,25.0,0.1984653670676068,0.23889188978022316,1.0,105.0,1.0,-0.1374674791239449,2.5164835164835164,5.0,105.0,441.0,0.0,0.0,0.0,1.0,105,ok,
polbooks,EC-SBM,20,results\final\final_dataset\EC-SBM\polbooks_20.gml,105.0,441.0,0.08076923076923077,8.4,8.4,5.448634603973646,2.0,25.0,0.20655329738697636,0.24482238893861297,1.0,105.0,1.0,-0.09070118016972895,2.4946886446886447,4.0,105.0,441.0,0.0,0.0,0.0,1.0,105,ok,
polbooks,EC-SBM,21,results\final\final_dataset\EC-SBM\polbooks_21.gml,105.0,440.0,0.08058608058608059,8.380952380952381,8.380952380952381,5.432496492459943,2.0,25.0,0.20012507817385866,0.24749284837481675,1.0,105.0,1.0,-0.1533503244360072,2.4974358974358974,4.0,105.0,440.0,0.0,0.0,0.0,1.0,105,ok,
polbooks,EC-SBM,22,results\final\final_dataset\EC-SBM\polbooks_22.gml,105.0,441.0,0.08076923076923077,8.4,8.4,5.4486346039736455,2.0,25.0,0.20468685192866032,0.2469774026630168,1.0,105.0,1.0,-0.10572789128651278,2.513919413919414,4.0,105.0,441.0,0.0,0.0,0.0,1.0,105,ok,
polbooks,EC-SBM,23,results\final\final_dataset\EC-SBM\polbooks_23.gml,105.0,441.0,0.08076923076923077,8.4,8.4,5.448634603973646,2.0,25.0,0.21090833678971382,0.2563856109277335,1.0,105.0,1.0,-0.15269256266471215,2.523076923076923,4.0,105.0,441.0,0.0,0.0,0.0,1.0,105,ok,
polbooks,EC-SBM,24,results\final\final_dataset\EC-SBM\polbooks_24.gml,105.0,441.0,0.08076923076923077,8.4,8.4,5.448634603973646,2.0,25.0,0.1922438822065533,0.23025672053362753,1.0,105.0,1.0,-0.13627724458004056,2.4994505494505495,4.0,105.0,441.0,0.0,0.0,0.0,1.0,105,ok,
polbooks,EC-SBM,25,results\final\final_dataset\EC-SBM\polbooks_25.gml,105.0,441.0,0.08076923076923077,8.4,8.4,5.448634603973646,2.0,25.0,0.19411032766486935,0.22485777825485145,1.0,105.0,1.0,-0.11658878149963371,2.5023809523809524,4.0,105.0,441.0,0.0,0.0,0.0,1.0,105,ok,
polbooks,EC-SBM,26,results\final\final_dataset\EC-SBM\polbooks_26.gml,105.0,441.0,0.08076923076923077,8.4,8.4,5.448634603973646,2.0,25.0,0.19348817917876399,0.2152192010560373,1.0,105.0,1.0,-0.1407406241196791,2.506043956043956,4.0,105.0,441.0,0.0,0.0,0.0,1.0,105,ok,
polbooks,EC-SBM,27,results\final\final_dataset\EC-SBM\polbooks_27.gml,105.0,441.0,0.08076923076923077,8.4,8.4,5.448634603973646,2.0,25.0,0.20779759435918707,0.2546008630532021,1.0,105.0,1.0,-0.12427571292901189,2.536996336996337,5.0,105.0,441.0,0.0,0.0,0.0,1.0,105,ok,
polbooks,EC-SBM,28,results\final\final_dataset\EC-SBM\polbooks_28.gml,105.0,441.0,0.08076923076923077,8.4,8.4,5.4486346039736455,2.0,25.0,0.2021982579842389,0.22391025309574236,1.0,105.0,1.0,-0.11321645029190733,2.4946886446886447,4.0,105.0,441.0,0.0,0.0,0.0,1.0,105,ok,
polbooks,EC-SBM,29,results\final\final_dataset\EC-SBM\polbooks_29.gml,105.0,441.0,0.08076923076923077,8.4,8.4,5.448634603973646,2.0,25.0,0.1947324761509747,0.22297970798239997,1.0,105.0,1.0,-0.11896925058744226,2.5186813186813186,4.0,105.0,441.0,0.0,0.0,0.0,1.0,105,ok,
polbooks,EC-SBM,3,results\final\final_dataset\EC-SBM\polbooks_3.gml,105.0,441.0,0.08076923076923077,8.4,8.4,5.448634603973646,2.0,25.0,0.1984653670676068,0.22549579243025764,1.0,105.0,1.0,-0.12650740269883187,2.5115384615384615,5.0,105.0,441.0,0.0,0.0,0.0,1.0,105,ok,
polbooks,EC-SBM,4,results\final\final_dataset\EC-SBM\polbooks_4.gml,105.0,440.0,0.08058608058608059,8.380952380952381,8.380952380952381,5.428989123445942,2.0,25.0,0.19395203336809178,0.22019275530822935,1.0,105.0,1.0,-0.12193491127980126,2.515018315018315,5.0,105.0,440.0,0.0,0.0,0.0,1.0,105,ok,
polbooks,EC-SBM,5,results\final\final_dataset\EC-SBM\polbooks_5.gml,105.0,440.0,0.08058608058608059,8.380952380952381,8.380952380952381,5.414936929467728,2.0,25.0,0.20555671610612075,0.25621082112503757,1.0,105.0,1.0,-0.16342252531946455,2.5247252747252746,4.0,105.0,440.0,0.0,0.0,0.0,1.0,105,ok,
polbooks,EC-SBM,6,results\final\final_dataset\EC-SBM\polbooks_6.gml,105.0,441.0,0.08076923076923077,8.4,8.4,5.448634603973646,2.0,25.0,0.17793446702613025,0.24268881673671777,1.0,105.0,1.0,-0.17461271551493818,2.460805860805861,4.0,105.0,441.0,0.0,0.0,0.0,1.0,105,ok,
polbooks,EC-SBM,7,results\final\final_dataset\EC-SBM\polbooks_7.gml,105.0,441.0,0.08076923076923077,8.4,8.4,5.448634603973646,2.0,25.0,0.19659892160929074,0.22927678764453566,1.0,105.0,1.0,-0.1320618305703818,2.5126373626373626,5.0,105.0,441.0,0.0,0.0,0.0,1.0,105,ok,
polbooks,EC-SBM,8,results\final\final_dataset\EC-SBM\polbooks_8.gml,105.0,441.0,0.08076923076923077,8.4,8.4,5.448634603973646,2.0,25.0,0.1835338034010784,0.21614158074866102,1.0,105.0,1.0,-0.1338967754922333,2.5087912087912088,5.0,105.0,441.0,0.0,0.0,0.0,1.0,105,ok,
polbooks,EC-SBM,9,results\final\final_dataset\EC-SBM\polbooks_9.gml,105.0,441.0,0.08076923076923077,8.4,8.4,5.448634603973646,2.0,25.0,0.19286603069265865,0.23372035028879812,1.0,105.0,1.0,-0.14917145213899724,2.529304029304029,5.0,105.0,441.0,0.0,0.0,0.0,1.0,105,ok,
football,RECCS,0,results\final\final_dataset\RECCS\football_0.gml,115.0,613.0,0.0935163996948894,10.660869565217391,10.660869565217391,1.609142123707883,7.0,14.0,0.39136880250370615,0.38204843465713023,1.0,115.0,1.0,0.10917191921824822,2.470327993897788,4.0,115.0,649.0,0.0,0.0,36.0,1.0,115,ok,
football,RECCS,1,results\final\final_dataset\RECCS\football_1.gml,115.0,614.0,0.09366895499618612,10.678260869565218,10.678260869565218,1.6288049825186268,5.0,14.0,0.38589007383100904,0.38456022238630944,1.0,115.0,1.0,0.08381795731398788,2.4587337909992373,4.0,115.0,646.0,0.0,0.0,32.0,1.0,115,ok,
football,RECCS,10,results\final\final_dataset\RECCS\football_10.gml,115.0,615.0,0.09382151029748284,10.695652173913043,10.695652173913043,1.583468471664701,6.0,15.0,0.38071065989847713,0.3739576848272501,1.0,115.0,1.0,0.11234110163866012,2.4494279176201372,4.0,115.0,649.0,0.0,0.0,34.0,1.0,115,ok,
football,RECCS,11,results\final\final_dataset\RECCS\football_11.gml,115.0,615.0,0.09382151029748284,10.695652173913043,10.695652173913043,1.5998582167803566,6.0,15.0,0.3849427168576105,0.38333647029299206,1.0,115.0,1.0,0.08553680211358902,2.444698703279939,4.0,115.0,649.0,0.0,0.0,34.0,1.0,115,ok,
football,RECCS,12,results\final\final_dataset\RECCS\football_12.gml,115.0,620.0,0.09458428680396644,10.782608695652174,10.782608695652174,1.4965619073506722,7.0,14.0,0.3792379722311915,0.37671743715222,1.0,115.0,1.0,0.0675467415919673,2.4488176964149506,4.0,115.0,645.0,0.0,0.0,25.0,1.0,115,ok,
football,RECCS,13,results\final\final_dataset\RECCS\football_13.gml,115.0,614.0,0.09366895499618612,10.678260869565218,10.678260869565218,1.5067836524947205,7.0,14.0,0.38531203688457105,0.38209003556829624,1.0,115.0,1.0,0.10663814712894136,2.448970251716247,4.0,115.0,648.0,0.0,0.0,34.0,1.0,115,ok,
football,RECCS,14,results\final\final_dataset\RECCS\football_14.gml,115.0,613.0,0.0935163996948894,10.660869565217391,10.660869565217391,1.5259321115546798,7.0,16.0,0.3789630118890357,0.37734649408562454,1.0,115.0,1.0,0.09563422898953877,2.4475972540045765,4.0,115.0,637.0,0.0,0.0,24.0,1.0,115,ok,
football,RECCS,15,results\final\final_dataset\RECCS\football_15.gml,115.0,615.0,0.09382151029748284,10.695652173913043,10.695652173913043,1.5501692083992595,7.0,15.0,0.3732175053269956,0.3708852982766024,1.0,115.0,1.0,0.10300143803961881,2.4515636918382913,4.0,115.0,641.0,0.0,0.0,26.0,1.0,115,ok,
football,RECCS,16,results\final\final_dataset\RECCS\football_16.gml,115.0,613.0,0.0935163996948894,10.660869565217391,10.660869565217391,1.5928479090131729,6.0,15.0,0.38167435728411336,0.37928680015636534,1.0,115.0,1.0,0.07890403176933124,2.4575133485888636,4.0,115.0,651.0,0.0,0.0,38.0,1.0,115,ok,
football,RECCS,17,results\final\final_dataset\RECCS\football_17.gml,115.0,608.0,0.0927536231884058,10.57391304347826,10.57391304347826,1.5992436775753252,7.0,14.0,0.3825402144772118,0.37967486619660534,1.0,115.0,1.0,0.09671697850732942,2.459954233409611,4.0,115.0,638.0,0.0,0.0,30.0,1.0,115,ok,
football,RECCS,18,results\final\final_dataset\RECCS\football_18.gml,115.0,615.0,0.09382151029748284,10.695652173913043,10.695652173913043,1.538909343000274,6.0,14.0,0.382685686178062,0.37335172074302503,1.0,115.0,1.0,0.07153745885159944,2.451411136536995,4.0,115.0,649.0,0.0,0.0,34.0,1.0,115,ok,
football,RECCS,19,results\final\final_dataset\RECCS\football_19.gml,115.0,611.0,0.09321128909229595,10.626086956521739,10.626086956521739,1.701461620082121,7.0,14.0,0.3784722222222222,0.37764124764124757,1.0,115.0,1.0,0.09606650587134659,2.467581998474447,4.0,115.0,644.0,0.0,0.0,33.0,1.0,115,ok,
football,RECCS,2,results\final\final_dataset\RECCS\football_2.gml,115.0,615.0,0.09382151029748284,10.695652173913043,10.695652173913043,1.5779673939623462,7.0,16.0,0.37291188994431707,0.3733271318053927,1.0,115.0,1.0,0.09587440027378916,2.4503432494279176,4.0,115.0,642.0,0.0,0.0,27.0,1.0,115,ok,
football,RECCS,20,results\final\final_dataset\RECCS\football_20.gml,115.0,615.0,0.09382151029748284,10.695652173913043,10.695652173913043,1.5275664821139154,7.0,16.0,0.3773987206823028,0.3732661058748017,1.0,115.0,1.0,0.12141457006714182,2.444546147978642,4.0,115.0,646.0,0.0,0.0,31.0,1.0,115,ok,
football,RECCS,21,results\final\final_dataset\RECCS\football_21.gml,115.0,610.0,0.09305873379099924,10.608695652173912,10.608695652173912,1.6135063205648856,6.0,15.0,0.3718183330560639,0.3713620678838069,1.0,115.0,1.0,0.03570008418758271,2.459954233409611,4.0,115.0,641.0,0.0,0.0,31.0,1.0,115,ok,
football,RECCS,22,results\final\final_dataset\RECCS\football_22.gml,115.0,614.0,0.09366895499618612,10.678260869565218,10.678260869565218,1.628804982518627,7.0,16.0,0.38146021328958163,0.3841486774095468,1.0,115.0,1.0,0.07703465843122685,2.451106025934401,4.0,115.0,652.0,0.0,0.0,38.0,1.0,115,ok,
football,RECCS,23,results\final\final_dataset\RECCS\football_23.gml,115.0,620.0,0.09458428680396644,10.782608695652174,10.782608695652174,1.4493333321739594,6.0,15.0,0.38069835111542194,0.37663626228843633,1.0,115.0,1.0,0.0876857071942651,2.442105263157895,4.0,115.0,656.0,0.0,0.0,36.0,1.0,115,ok,
football,RECCS,24,results\final\final_dataset\RECCS\football_24.gml,115.0,610.0,0.09305873379099924,10.608695652173912,10.608695652173912,1.5586820083084858,7.0,15.0,0.3714380936510582,0.36365615061267226,1.0,115.0,1.0,0.11849810579740525,2.451868802440885,4.0,115.0,650.0,0.0,0.0,40.0,1.0,115,ok,
football,RECCS,25,results\final\final_dataset\RECCS\football_25.gml,115.0,611.0,0.09321128909229595,10.626086956521739,10.626086956521739,1.5684989754274066,7.0,14.0,0.37057944545907356,0.37118630162108407,1.0,115.0,1.0,-0.0029377699028191352,2.454004576659039,4.0,115.0,638.0,0.0,0.0,27.0,1.0,115,ok,
football,RECCS,26,results\final\final_dataset\RECCS\football_26.gml,115.0,606.0,0.09244851258581235,10.539130434782608,10.539130434782608,1.578590215965907,7.0,17.0,0.3712018906144497,0.3690066043646607,1.0,115.0,1.0,0.07363674469454753,2.4636155606407324,4.0,115.0,635.0,0.0,0.0,29.0,1.0,115,ok,
football,RECCS,27,results\final\final_dataset\RECCS\football_27.gml,115.0,603.0,0.0919908466819222,10.486956521739131,10.486956521739131,1.6648029907798823,7.0,14.0,0.37704081632653064,0.3695032503728155,1.0,115.0,1.0,0.17313095160826633,2.465903890160183,4.0,115.0,632.0,0.0,0.0,29.0,1.0,115,ok,
football,RECCS,28,results\final\final_dataset\RECCS\football_28.gml,115.0,606.0,0.09244851258581235,10.539130434782608,10.539130434782608,1.5395479659654994,7.0,14.0,0.36910596586107824,0.36462682245290956,1.0,115.0,1.0,0.12254828283709264,2.45766590389016,4.0,115.0,630.0,0.0,0.0,24.0,1.0,115,ok,
football,RECCS,29,results\final\final_dataset\RECCS\football_29.gml,115.0,612.0,0.09336384439359267,10.643478260869566,10.643478260869566,1.725468074353845,6.0,15.0,0.3937098633294912,0.38404281708629545,1.0,115.0,1.0,0.15863861750655375,2.462700228832952,4.0,115.0,644.0,0.0,0.0,32.0,1.0,115,ok,
football,RECCS,3,results\final\final_dataset\RECCS\football_3.gml,115.0,612.0,0.09336384439359267,10.643478260869566,10.643478260869566,1.4276237742597866,7.0,14.0,0.3693304535637149,0.3643406352102004,1.0,115.0,1.0,0.14532253536822254,2.4565980167810832,4.0,115.0,634.0,0.0,0.0,22.0,1.0,115,ok,
football,RECCS,4,results\final\final_dataset\RECCS\football_4.gml,115.0,612.0,0.09336384439359267,10.643478260869566,10.643478260869566,1.5333470315269884,7.0,14.0,0.39903925790955774,0.389824281998195,1.0,115.0,1.0,0.19332830413914082,2.4826849733028222,4.0,115.0,647.0,0.0,0.0,35.0,1.0,115,ok,
football,RECCS,5,results\final\final_dataset\RECCS\football_5.gml,115.0,611.0,0.09321128909229595,10.626086956521739,10.626086956521739,1.5740331445889728,6.0,15.0,0.375996015936255,0.3729758164540774,1.0,115.0,1.0,0.10067097971774996,2.4575133485888636,4.0,115.0,641.0,0.0,0.0,30.0,1.0,115,ok,
football,RECCS,6,results\final\final_dataset\RECCS\football_6.gml,115.0,616.0,0.09397406559877956,10.71304347826087,10.71304347826087,1.502260426628482,7.0,14.0,0.3759201701292328,0.37194501151022885,1.0,115.0,1.0,0.07296272317507563,2.444698703279939,4.0,115.0,646.0,0.0,0.0,30.0,1.0,115,ok,
football,RECCS,7,results\final\final_dataset\RECCS\football_7.gml,115.0,619.0,0.09443173150266972,10.765217391304347,10.765217391304347,1.5454304861505834,7.0,15.0,0.38142995794241347,0.37584410758323816,1.0,115.0,1.0,0.0948462268406853,2.439664378337147,4.0,115.0,655.0,0.0,0.0,36.0,1.0,115,ok,
football,RECCS,8,results\final\final_dataset\RECCS\football_8.gml,115.0,608.0,0.0927536231884058,10.57391304347826,10.57391304347826,1.6046718183518014,7.0,15.0,0.3799631429050092,0.3779293170597519,1.0,115.0,1.0,0.11320225039183948,2.462700228832952,4.0,115.0,635.0,0.0,0.0,27.0,1.0,115,ok,
football,RECCS,9,results\final\final_dataset\RECCS\football_9.gml,115.0,610.0,0.09305873379099924,10.608695652173912,10.608695652173912,1.5972566273017483,6.0,15.0,0.39397470039946736,0.3820070750505532,1.0,115.0,1.0,0.16501995209693926,2.453852021357742,4.0,115.0,650.0,0.0,0.0,40.0,1.0,115,ok,
karate,RECCS,0,results\final\final_dataset\RECCS\karate_0.gml,34.0,65.0,0.11586452762923351,3.823529411764706,3.823529411764706,2.1069993751261546,1.0,9.0,0.16216216216216217,0.18394024276377213,1.0,34.0,1.0,-0.16221048692253345,2.6702317290552586,5.0,34.0,70.0,0.0,0.0,5.0,1.0,34,ok,
karate,RECCS,1,results\final\final_dataset\RECCS\karate_1.gml,34.0,67.0,0.11942959001782531,3.9411764705882355,3.9411764705882355,2.300142917178489,2.0,11.0,0.18815331010452963,0.3061476105593753,1.0,34.0,1.0,-0.286094619419078,2.6114081996434937,5.0,34.0,70.0,0.0,0.0,3.0,1.0,34,ok,
karate,RECCS,10,results\final\final_dataset\RECCS\karate_10.gml,34.0,69.0,0.12299465240641712,4.0588235294117645,4.0588235294117645,2.848541179483118,1.0,13.0,0.23209169054441262,0.38128685040449756,1.0,34.0,1.0,-0.3525905827477404,2.515151515151515,5.0,34.0,73.0,0.0,0.0,4.0,1.0,34,ok,
karate,RECCS,11,results\final\final_dataset\RECCS\karate_11.gml,34.0,65.0,0.11586452762923351,3.823529411764706,3.823529411764706,2.0646975029157932,1.0,11.0,0.2109375,0.22389228418640184,1.0,34.0,1.0,-0.15962211599984974,2.7094474153297683,5.0,34.0,70.0,0.0,0.0,5.0,1.0,34,ok,
karate,RECCS,12,results\final\final_dataset\RECCS\karate_12.gml,34.0,69.0,0.12299465240641712,4.0588235294117645,4.0588235294117645,2.8173952976065997,1.0,14.0,0.20809248554913296,0.3422311348781937,1.0,34.0,1.0,-0.18183492477261773,2.5062388591800357,4.0,34.0,72.0,0.0,0.0,3.0,1.0,34,ok,
karate,RECCS,13,results\final\final_dataset\RECCS\karate_13.gml,34.0,64.0,0.1140819964349376,3.764705882352941,3.764705882352941,2.3016467701781007,1.0,10.0,0.23595505617977527,0.20228758169934644,1.0,34.0,1.0,0.01207125436077923,2.6844919786096257,5.0,34.0,68.0,0.0,0.0,4.0,1.0,34,ok,
karate,RECCS,14,results\final\final_dataset\RECCS\karate_14.gml,34.0,64.0,0.1140819964349376,3.764705882352941,3.764705882352941,2.015510788119037,1.0,10.0,0.14634146341463414,0.12812791783380018,1.0,34.0,1.0,-0.04155519885856965,2.664884135472371,5.0,34.0,65.0,0.0,0.0,1.0,1.0,34,ok,
karate,RECCS,15,results\final\final_dataset\RECCS\karate_15.gml,34.0,67.0,0.11942959001782531,3.9411764705882355,3.9411764705882355,2.5081183065091586,1.0,12.0,0.16776315789473684,0.18432645785586962,1.0,34.0,1.0,-0.2822063285652372,2.6042780748663104,5.0,34.0,70.0,0.0,0.0,3.0,1.0,34,ok,
karate,RECCS,16,results\final\final_dataset\RECCS\karate_16.gml,34.0,68.0,0.12121212121212122,4.0,4.0,3.0582578662484607,1.0,14.0,0.19834710743801653,0.31243103301926833,1.0,34.0,1.0,-0.36991036306184305,2.4242424242424243,4.0,34.0,76.0,0.0,0.0,8.0,1.0,34,ok,
karate,RECCS,17,results\final\final_dataset\RECCS\karate_17.gml,34.0,65.0,0.11586452762923351,3.823529411764706,3.823529411764706,2.24224924147599,1.0,11.0,0.15613382899628253,0.1573656735421441,1.0,34.0,1.0,-0.1504993572629291,2.623885918003565,5.0,34.0,68.0,0.0,0.0,3.0,1.0,34,ok,
karate,RECCS,18,results\final\final_dataset\RECCS\karate_18.gml,34.0,67.0,0.11942959001782531,3.9411764705882355,3.9411764705882355,2.959940147155088,1.0,16.0,0.2254335260115607,0.3586484593837535,1.0,34.0,1.0,-0.22141040793667863,2.4884135472370765,5.0,34.0,68.0,0.0,0.0,1.0,1.0,34,ok,
karate,RECCS,19,results\final\final_dataset\RECCS\karate_19.gml,34.0,65.0,0.11586452762923351,3.823529411764706,3.823529411764706,2.268331704077511,1.0,11.0,0.15498154981549817,0.16359816653934303,1.0,34.0,1.0,-0.14617441196791767,2.7254901960784315,6.0,34.0,69.0,0.0,0.0,4.0,1.0,34,ok,
karate,RECCS,2,results\final\final_dataset\RECCS\karate_2.gml,34.0,66.0,0.11764705882352941,3.8823529411764706,3.8823529411764706,2.4824644524716697,1.0,13.0,0.26440677966101694,0.25282446311858076,1.0,34.0,1.0,-0.12855698707332258,2.645276292335116,5.0,34.0,69.0,0.0,0.0,3.0,1.0,34,ok,
karate,RECCS,20,results\final\final_dataset\RECCS\karate_20.gml,34.0,71.0,0.1265597147950089,4.176470588235294,4.176470588235294,2.965196037912602,2.0,14.0,0.24,0.3011480349715644,1.0,34.0,1.0,-0.13165529974754156,2.552584670231729,5.0,34.0,76.0,0.0,0.0,5.0,1.0,34,ok,
karate,RECCS,21,results\final\final_dataset\RECCS\karate_21.gml,34.0,64.0,0.1140819964349376,3.764705882352941,3.764705882352941,2.275946132018012,1.0,9.0,0.2037735849056604,0.21778711484593835,1.0,34.0,1.0,-0.1395956429116926,2.7094474153297683,6.0,34.0,69.0,0.0,0.0,5.0,1.0,34,ok,
karate,RECCS,22,results\final\final_dataset\RECCS\karate_22.gml,34.0,70.0,0.12477718360071301,4.117647058823529,4.117647058823529,2.8467185017794963,1.0,14.0,0.2612359550561798,0.3030435251023486,1.0,34.0,1.0,-0.1650753112575094,2.5953654188948305,6.0,34.0,74.0,0.0,0.0,4.0,1.0,34,ok,
karate,RECCS,23,results\final\final_dataset\RECCS\karate_23.gml,34.0,63.0,0.11229946524064172,3.7058823529411766,3.7058823529411766,2.6626988935897113,1.0,13.0,0.14432989690721648,0.1812344518226871,1.0,34.0,1.0,-0.1957453564057784,2.552584670231729,4.0,34.0,70.0,0.0,0.0,7.0,1.0,34,ok,
karate,RECCS,24,results\final\final_dataset\RECCS\karate_24.gml,34.0,73.0,0.13012477718360071,4.294117647058823,4.294117647058823,3.1485702802523847,1.0,14.0,0.24205378973105135,0.340629468570645,1.0,34.0,1.0,-0.1967697240005252,2.4581105169340463,5.0,34.0,76.0,0.0,0.0,3.0,1.0,34,ok,
karate,RECCS,25,results\final\final_dataset\RECCS\karate_25.gml,34.0,67.0,0.11942959001782531,3.9411764705882355,3.9411764705882355,2.74334678032024,1.0,14.0,0.20307692307692307,0.29499340528752294,1.0,34.0,1.0,-0.3503733223397922,2.549019607843137,5.0,34.0,73.0,0.0,0.0,6.0,1.0,34,ok,
karate,RECCS,26,results\final\final_dataset\RECCS\karate_26.gml,34.0,62.0,0.11051693404634581,3.6470588235294117,3.6470588235294117,2.2865637324208015,1.0,12.0,0.1541501976284585,0.18306595365418898,1.0,34.0,1.0,-0.12388216021698821,2.762923351158645,6.0,34.0,66.0,0.0,0.0,4.0,1.0,34,ok,
karate,RECCS,27,results\final\final_dataset\RECCS\karate_27.gml,34.0,64.0,0.1140819964349376,3.764705882352941,3.764705882352941,2.183613081561245,1.0,10.0,0.20930232558139536,0.24255368814192343,1.0,34.0,1.0,-0.18893102963899425,2.72192513368984,5.0,34.0,69.0,0.0,0.0,5.0,1.0,34,ok,
karate,RECCS,28,results\final\final_dataset\RECCS\karate_28.gml,34.0,65.0,0.11586452762923351,3.823529411764706,3.823529411764706,2.2158597884514544,1.0,10.0,0.19101123595505617,0.2018207282913165,1.0,34.0,1.0,-0.06635768410211165,2.729055258467023,6.0,34.0,69.0,0.0,0.0,4.0,1.0,34,ok,
karate,RECCS,29,results\final\final_dataset\RECCS\karate_29.gml,34.0,61.0,0.10873440285204991,3.588235294117647,3.588235294117647,2.2111701328485296,1.0,11.0,0.17427385892116182,0.14850819115525,1.0,34.0,1.0,-0.21704075706330628,2.7040998217468806,5.0,34.0,65.0,0.0,0.0,4.0,1.0,34,ok,
karate,RECCS,3,results\final\final_dataset\RECCS\karate_3.gml,34.0,65.0,0.11586452762923351,3.823529411764706,3.823529411764706,2.4067379465269156,1.0,11.0,0.1702127659574468,0.2644830659536542,1.0,34.0,1.0,-0.1336306442621647,2.7771836007130126,7.0,34.0,70.0,0.0,0.0,5.0,1.0,34,ok,
karate,RECCS,4,results\final\final_dataset\RECCS\karate_4.gml,34.0,64.0,0.1140819964349376,3.764705882352941,3.764705882352941,2.4381625618897296,2.0,14.0,0.1510791366906475,0.14293794440853264,1.0,34.0,1.0,-0.17714197578468419,2.556149732620321,5.0,34.0,68.0,0.0,0.0,4.0,1.0,34,ok,
karate,RECCS,5,results\final\final_dataset\RECCS\karate_5.gml,34.0,65.0,0.11586452762923351,3.823529411764706,3.823529411764706,2.1069993751261546,1.0,10.0,0.15057915057915058,0.13485060690943043,1.0,34.0,1.0,-0.30439915007476187,2.641711229946524,5.0,34.0,68.0,0.0,0.0,3.0,1.0,34,ok,
karate,RECCS,6,results\final\final_dataset\RECCS\karate_6.gml,34.0,65.0,0.11586452762923351,3.823529411764706,3.823529411764706,2.5949111764838557,1.0,11.0,0.1912751677852349,0.26225914608267553,1.0,34.0,1.0,-0.22494891970612554,2.5436720142602494,5.0,34.0,69.0,0.0,0.0,4.0,1.0,34,ok,
karate,RECCS,7,results\final\final_dataset\RECCS\karate_7.gml,34.0,68.0,0.12121212121212122,4.0,4.0,2.807552838536876,1.0,13.0,0.1952662721893491,0.30146128381422493,1.0,34.0,1.0,-0.2915268977512736,2.5294117647058822,5.0,34.0,70.0,0.0,0.0,2.0,1.0,34,ok,
karate,RECCS,8,results\final\final_dataset\RECCS\karate_8.gml,34.0,69.0,0.12299465240641712,4.0588235294117645,4.0588235294117645,2.7326046233733963,1.0,13.0,0.257396449704142,0.3349571996630821,1.0,34.0,1.0,-0.20858827632121227,2.584670231729055,5.0,34.0,75.0,0.0,0.0,6.0,1.0,34,ok,
karate,RECCS,9,results\final\final_dataset\RECCS\karate_9.gml,34.0,67.0,0.11942959001782531,3.9411764705882355,3.9411764705882355,2.4726881831745535,1.0,12.0,0.19933554817275748,0.2446184534419828,1.0,34.0,1.0,-0.29912653770521813,2.6470588235294117,6.0,34.0,71.0,0.0,0.0,4.0,1.0,34,ok,
polbooks,RECCS,0,results\final\final_dataset\RECCS\polbooks_0.gml,105.0,417.0,0.07637362637362638,7.942857142857143,7.942857142857143,4.804419733910833,2.0,22.0,0.1891891891891892,0.18350758567034553,1.0,105.0,1.0,-0.06563242125689206,2.617032967032967,5.0,105.0,424.0,0.0,0.0,7.0,1.0,105,ok,
polbooks,RECCS,1,results\final\final_dataset\RECCS\polbooks_1.gml,105.0,411.0,0.07527472527472527,7.828571428571428,7.828571428571428,4.4130912238089826,2.0,21.0,0.17785322538521808,0.15832364901139775,1.0,105.0,1.0,-0.05004821779566124,2.641208791208791,5.0,105.0,425.0,0.0,0.0,14.0,1.0,105,ok,
polbooks,RECCS,10,results\final\final_dataset\RECCS\polbooks_10.gml,105.0,424.0,0.07765567765567766,8.076190476190476,8.076190476190476,4.888655941677607,2.0,26.0,0.20305522914218566,0.21805687152790196,1.0,105.0,1.0,-0.10830776224570957,2.6265567765567766,5.0,105.0,430.0,0.0,0.0,6.0,1.0,105,ok,
polbooks,RECCS,11,results\final\final_dataset\RECCS\polbooks_11.gml,105.0,418.0,0.07655677655677656,7.961904761904762,7.961904761904762,4.752791279165398,1.0,24.0,0.189697265625,0.21046953977592583,1.0,105.0,1.0,-0.06743111349195162,2.6106227106227107,5.0,105.0,425.0,0.0,0.0,7.0,1.0,105,ok,
polbooks,RECCS,12,results\final\final_dataset\RECCS\polbooks_12.gml,105.0,421.0,0.07710622710622711,8.019047619047619,8.019047619047619,4.756911667960637,2.0,23.0,0.21940622737146995,0.22623893495458594,1.0,105.0,1.0,-0.015855753043338777,2.654945054945055,5.0,105.0,430.0,0.0,0.0,9.0,1.0,105,ok,
polbooks,RECCS,13,results\final\final_dataset\RECCS\polbooks_13.gml,105.0,418.0,0.07655677655677656,7.961904761904762,7.961904761904762,4.774782586970266,2.0,24.0,0.21986851716581446,0.23130423002334236,1.0,105.0,1.0,-0.003202295913711019,2.6613553113553112,5.0,105.0,430.0,0.0,0.0,12.0,1.0,105,ok,
polbooks,RECCS,14,results\final\final_dataset\RECCS\polbooks_14.gml,105.0,435.0,0.07967032967032966,8.285714285714286,8.285714285714286,5.107817138305496,2.0,24.0,0.209517514871117,0.2473495862956086,1.0,105.0,1.0,-0.10952967348259322,2.616117216117216,5.0,105.0,445.0,0.0,0.0,10.0,1.0,105,ok,
polbooks,RECCS,15,results\final\final_dataset\RECCS\polbooks_15.gml,105.0,416.0,0.0761904761904762,7.923809523809524,7.923809523809524,4.78628046875897,2.0,24.0,0.19397501836884642,0.2161161346863132,1.0,105.0,1.0,-0.08720055315808418,2.5992673992673994,5.0,105.0,425.0,0.0,0.0,9.0,1.0,105,ok,
polbooks,RECCS,16,results\final\final_dataset\RECCS\polbooks_16.gml,105.0,414.0,0.07582417582417582,7.885714285714286,7.885714285714286,4.640021111845003,2.0,22.0,0.1974378296910324,0.21276534741815578,1.0,105.0,1.0,-0.08951158048397373,2.6366300366300366,5.0,105.0,424.0,0.0,0.0,10.0,1.0,105,ok,
polbooks,RECCS,17,results\final\final_dataset\RECCS\polbooks_17.gml,105.0,411.0,0.07527472527472527,7.828571428571428,7.828571428571428,4.421715122647584,2.0,22.0,0.21993216801460996,0.20079138439819547,1.0,105.0,1.0,0.05006582325013423,2.71007326007326,5.0,105.0,421.0,0.0,0.0,10.0,1.0,105,ok,
polbooks,RECCS,18,results\final\final_dataset\RECCS\polbooks_18.gml,105.0,418.0,0.07655677655677656,7.961904761904762,7.961904761904762,4.716584336196429,2.0,21.0,0.19494850416871015,0.19363362496268285,1.0,105.0,1.0,-0.06491393705131247,2.6084249084249085,5.0,105.0,430.0,0.0,0.0,12.0,1.0,105,ok,
polbooks,RECCS,19,results\final\final_dataset\RECCS\polbooks_19.gml,105.0,401.0,0.07344322344322345,7.6380952380952385,7.6380952380952385,4.2023209222746,2.0,21.0,0.18473112287545276,0.17502966589653896,1.0,105.0,1.0,-0.04902514116727696,2.6869963369963368,5.0,105.0,410.0,0.0,0.0,9.0,1.0,105,ok,
polbooks,RECCS,2,results\final\final_dataset\RECCS\polbooks_2.gml,105.0,427.0,0.0782051282051282,8.133333333333333,8.133333333333333,4.879630483017505,2.0,24.0,0.1878491620111732,0.20130384113981203,1.0,105.0,1.0,-0.12765797445072447,2.5886446886446888,5.0,105.0,437.0,0.0,0.0,10.0,1.0,105,ok,
polbooks,RECCS,20,results\final\final_dataset\RECCS\polbooks_20.gml,105.0,408.0,0.07472527472527472,7.771428571428571,7.771428571428571,4.292312381249912,2.0,21.0,0.1865951742627346,0.17485954910324655,1.0,105.0,1.0,-0.053372740774366205,2.6626373626373625,5.0,105.0,418.0,0.0,0.0,10.0,1.0,105,ok,
polbooks,RECCS,21,results\final\final_dataset\RECCS\polbooks_21.gml,105.0,418.0,0.07655677655677656,7.961904761904762,7.961904761904762,4.912421204067074,2.0,23.0,0.21187455111323916,0.2291591260868034,1.0,105.0,1.0,-0.08610189092464275,2.6293040293040293,5.0,105.0,428.0,0.0,0.0,10.0,1.0,105,ok,
polbooks,RECCS,22,results\final\final_dataset\RECCS\polbooks_22.gml,105.0,408.0,0.07472527472527472,7.771428571428571,7.771428571428571,4.455616344211283,2.0,22.0,0.17266754270696452,0.18150218153756406,1.0,105.0,1.0,-0.07454753987576761,2.6252747252747253,5.0,105.0,421.0,0.0,0.0,13.0,1.0,105,ok,
polbooks,RECCS,23,results\final\final_dataset\RECCS\polbooks_23.gml,105.0,423.0,0.07747252747252747,8.057142857142857,8.057142857142857,4.698183177577055,2.0,20.0,0.21428571428571427,0.19795715218979257,1.0,105.0,1.0,-0.03174411244210142,2.635897435897436,5.0,105.0,432.0,0.0,0.0,9.0,1.0,105,ok,
polbooks,RECCS,24,results\final\final_dataset\RECCS\polbooks_24.gml,105.0,417.0,0.07637362637362638,7.942857142857143,7.942857142857143,4.742570272448859,2.0,22.0,0.20976447497546613,0.22386942942228205,1.0,105.0,1.0,-0.08734948222142669,2.645238095238095,5.0,105.0,426.0,0.0,0.0,9.0,1.0,105,ok,
polbooks,RECCS,25,results\final\final_dataset\RECCS\polbooks_25.gml,105.0,411.0,0.07527472527472527,7.828571428571428,7.828571428571428,4.597011747516284,2.0,24.0,0.18998978549540346,0.2071585455911359,1.0,105.0,1.0,-0.06429374817082731,2.633150183150183,5.0,105.0,422.0,0.0,0.0,11.0,1.0,105,ok,
polbooks,RECCS,26,results\final\final_dataset\RECCS\polbooks_26.gml,105.0,417.0,0.07637362637362638,7.942857142857143,7.942857142857143,4.794497980430666,2.0,25.0,0.20477815699658702,0.20502131313409502,1.0,105.0,1.0,-0.007735493028304657,2.679304029304029,5.0,105.0,431.0,0.0,0.0,14.0,1.0,105,ok,
polbooks,RECCS,27,results\final\final_dataset\RECCS\polbooks_27.gml,105.0,412.0,0.07545787545787545,7.847619047619047,7.847619047619047,4.624532825580903,2.0,23.0,0.19244421906693712,0.22823244990033442,1.0,105.0,1.0,-0.09754581462195551,2.633150183150183,5.0,105.0,426.0,0.0,0.0,14.0,1.0,105,ok,
polbooks,RECCS,28,results\final\final_dataset\RECCS\polbooks_28.gml,105.0,415.0,0.076007326007326,7.904761904761905,7.904761904761905,4.509300039703787,2.0,23.0,0.19069412662090007,0.18457986441266244,1.0,105.0,1.0,-0.07250427316500507,2.6336996336996337,5.0,105.0,419.0,0.0,0.0,4.0,1.0,105,ok,
polbooks,RECCS,29,results\final\final_dataset\RECCS\polbooks_29.gml,105.0,423.0,0.07747252747252747,8.057142857142857,8.057142857142857,4.653372707082511,2.0,21.0,0.18704512372634644,0.21443908721219637,1.0,105.0,1.0,-0.12411664406918915,2.6507326007326006,5.0,105.0,430.0,0.0,0.0,7.0,1.0,105,ok,
polbooks,RECCS,3,results\final\final_dataset\RECCS\polbooks_3.gml,105.0,413.0,0.07564102564102564,7.866666666666666,7.866666666666666,4.722926184690138,2.0,23.0,0.20514100324432244,0.20918644656890525,1.0,105.0,1.0,-0.04131704522849125,2.6267399267399267,5.0,105.0,424.0,0.0,0.0,11.0,1.0,105,ok,
polbooks,RECCS,4,results\final\final_dataset\RECCS\polbooks_4.gml,105.0,413.0,0.07564102564102564,7.866666666666666,7.866666666666666,4.558752265941002,2.0,22.0,0.19556913674560733,0.21282616886774336,1.0,105.0,1.0,-0.00472820124467172,2.619047619047619,5.0,105.0,424.0,0.0,0.0,11.0,1.0,105,ok,
polbooks,RECCS,5,results\final\final_dataset\RECCS\polbooks_5.gml,105.0,415.0,0.076007326007326,7.904761904761905,7.904761904761905,4.6914792256028415,2.0,22.0,0.2066650087043024,0.23174008244773386,1.0,105.0,1.0,-0.07925803895227132,2.621794871794872,5.0,105.0,430.0,0.0,0.0,15.0,1.0,105,ok,
polbooks,RECCS,6,results\final\final_dataset\RECCS\polbooks_6.gml,105.0,422.0,0.07728937728937729,8.038095238095238,8.038095238095238,4.7927004208757955,2.0,23.0,0.20114942528735633,0.2035652898687723,1.0,105.0,1.0,-0.06991889819198283,2.6554945054945054,5.0,105.0,433.0,0.0,0.0,11.0,1.0,105,ok,
polbooks,RECCS,7,results\final\final_dataset\RECCS\polbooks_7.gml,105.0,421.0,0.07710622710622711,8.019047619047619,8.019047619047619,4.5898043373193245,2.0,21.0,0.18763851268160553,0.19997316908197046,1.0,105.0,1.0,-0.07698385607633498,2.6086080586080587,5.0,105.0,432.0,0.0,0.0,11.0,1.0,105,ok,
polbooks,RECCS,8,results\final\final_dataset\RECCS\polbooks_8.gml,105.0,410.0,0.07509157509157509,7.809523809523809,7.809523809523809,4.508394790029644,2.0,21.0,0.19279606115573983,0.21476623258799285,1.0,105.0,1.0,-0.1069500014189477,2.650915750915751,5.0,105.0,415.0,0.0,0.0,5.0,1.0,105,ok,
polbooks,RECCS,9,results\final\final_dataset\RECCS\polbooks_9.gml,105.0,408.0,0.07472527472527472,7.771428571428571,7.771428571428571,4.571666660466593,2.0,22.0,0.19041450777202074,0.22621013833088127,1.0,105.0,1.0,-0.14020124114911686,2.6263736263736264,5.0,105.0,416.0,0.0,0.0,8.0,1.0,105,ok,
football,VAE,0,results\final\final_dataset\VAE\football_0.gml,115.0,613.0,0.0935163996948894,10.660869565217391,10.660869565217391,2.1624742532641275,5.0,15.0,0.37748344370860926,0.3717339665165752,1.0,115.0,1.0,0.18799662416964036,2.5299771167048055,5.0,115.0,613.0,0.0,0.0,0.0,1.0,115,ok,
football,VAE,1,results\final\final_dataset\VAE\football_1.gml,115.0,613.0,0.0935163996948894,10.660869565217391,10.660869565217391,1.973242559944943,5.0,17.0,0.4012365766352099,0.40408817951017434,1.0,115.0,1.0,0.029171307520742762,2.532875667429443,5.0,115.0,613.0,0.0,0.0,0.0,1.0,115,ok,
football,VAE,10,results\final\final_dataset\VAE\football_10.gml,115.0,613.0,0.0935163996948894,10.660869565217391,10.660869565217391,2.1382111845987732,4.0,15.0,0.3991915925626516,0.3829659712268406,1.0,115.0,1.0,0.2005824967004737,2.519908466819222,4.0,115.0,613.0,0.0,0.0,0.0,1.0,115,ok,
football,VAE,11,results\final\final_dataset\VAE\football_11.gml,115.0,613.0,0.0935163996948894,10.660869565217391,10.660869565217391,2.1012913483886173,5.0,16.0,0.407059585492228,0.41044679957723434,1.0,115.0,1.0,0.11769756904538031,2.545995423340961,4.0,115.0,613.0,0.0,0.0,0.0,1.0,115,ok,
football,VAE,12,results\final\final_dataset\VAE\football_12.gml,115.0,613.0,0.0935163996948894,10.660869565217391,10.660869565217391,2.042534472155437,6.0,15.0,0.3885102239532619,0.39439478396000127,1.0,115.0,1.0,0.03249439538667184,2.530892448512586,4.0,115.0,613.0,0.0,0.0,0.0,1.0,115,ok,
football,VAE,13,results\final\final_dataset\VAE\football_13.gml,115.0,613.0,0.0935163996948894,10.660869565217391,10.660869565217391,2.2414551039418047,6.0,15.0,0.4163580743841571,0.4161311635224677,1.0,115.0,1.0,0.12681603893141424,2.561250953470633,5.0,115.0,613.0,0.0,0.0,0.0,1.0,115,ok,
football,VAE,14,results\final\final_dataset\VAE\football_14.gml,115.0,613.0,0.0935163996948894,10.660869565217391,10.660869565217391,2.22197310092801,5.0,17.0,0.3925233644859813,0.39660624115867066,1.0,115.0,1.0,0.07541076530318787,2.5344012204424105,4.0,115.0,613.0,0.0,0.0,0.0,1.0,115,ok,
football,VAE,15,results\final\final_dataset\VAE\football_15.gml,115.0,613.0,0.0935163996948894,10.660869565217391,10.660869565217391,1.9776444333413168,5.0,15.0,0.4001952171791118,0.3958978219847783,1.0,115.0,1.0,0.07659517169522237,2.5304347826086957,4.0,115.0,613.0,0.0,0.0,0.0,1.0,115,ok,
football,VAE,16,results\final\final_dataset\VAE\football_16.gml,115.0,613.0,0.0935163996948894,10.660869565217391,10.660869565217391,1.8830454358356705,5.0,15.0,0.3785504407443683,0.3787224369833066,1.0,115.0,1.0,0.03426148846877582,2.505720823798627,4.0,115.0,613.0,0.0,0.0,0.0,1.0,115,ok,
football,VAE,17,results\final\final_dataset\VAE\football_17.gml,115.0,613.0,0.0935163996948894,10.660869565217391,10.660869565217391,2.279919741233236,4.0,16.0,0.40507956920109306,0.3998184182966791,1.0,115.0,1.0,0.06823898430290608,2.5289092295957283,4.0,115.0,613.0,0.0,0.0,0.0,1.0,115,ok,
football,VAE,18,results\final\final_dataset\VAE\football_18.gml,115.0,613.0,0.0935163996948894,10.660869565217391,10.660869565217391,2.042534472155437,6.0,16.0,0.38461538461538464,0.3750413837370358,1.0,115.0,1.0,0.05664548272326153,2.5049580472921433,4.0,115.0,613.0,0.0,0.0,0.0,1.0,115,ok,
football,VAE,19,results\final\final_dataset\VAE\football_19.gml,115.0,613.0,0.0935163996948894,10.660869565217391,10.660869565217391,2.072121183806119,4.0,17.0,0.41773383044253526,0.4223939629566229,1.0,115.0,1.0,0.048020282178822704,2.5446224256292904,4.0,115.0,613.0,0.0,0.0,0.0,1.0,115,ok,
football,VAE,2,results\final\final_dataset\VAE\football_2.gml,115.0,613.0,0.0935163996948894,10.660869565217391,10.660869565217391,2.0382727407281545,5.0,15.0,0.3856516799220906,0.38359041924259296,1.0,115.0,1.0,0.07492767819728591,2.5232646834477497,4.0,115.0,613.0,0.0,0.0,0.0,1.0,115,ok,
football,VAE,20,results\final\final_dataset\VAE\football_20.gml,115.0,613.0,0.0935163996948894,10.660869565217391,10.660869565217391,1.9510842315591967,5.0,16.0,0.38641914997557403,0.38918277374799115,1.0,115.0,1.0,0.0379803435064351,2.5385202135774216,4.0,115.0,613.0,0.0,0.0,0.0,1.0,115,ok,
football,VAE,21,results\final\final_dataset\VAE\football_21.gml,115.0,613.0,0.0935163996948894,10.660869565217391,10.660869565217391,2.1012913483886173,5.0,16.0,0.37791450777202074,0.3835056248099725,1.0,115.0,1.0,0.08060944209779776,2.5064836003051107,4.0,115.0,613.0,0.0,0.0,0.0,1.0,115,ok,
football,VAE,22,results\final\final_dataset\VAE\football_22.gml,115.0,613.0,0.0935163996948894,10.660869565217391,10.660869565217391,2.2062636387921395,6.0,15.0,0.40148339245404707,0.4054675276414407,1.0,115.0,1.0,-0.005411005099195605,2.535774218154081,4.0,115.0,613.0,0.0,0.0,0.0,1.0,115,ok,
football,VAE,23,results\final\final_dataset\VAE\football_23.gml,115.0,613.0,0.0935163996948894,10.660869565217391,10.660869565217391,1.955535983557134,7.0,15.0,0.38782155649625527,0.38397694093346246,1.0,115.0,1.0,0.14049076862789833,2.5130434782608697,4.0,115.0,613.0,0.0,0.0,0.0,1.0,115,ok,
football,VAE,24,results\final\final_dataset\VAE\football_24.gml,115.0,613.0,0.0935163996948894,10.660869565217391,10.660869565217391,2.268448834208422,6.0,15.0,0.41202959150852364,0.4126275174101261,1.0,115.0,1.0,0.15467304750490196,2.5517925247902364,4.0,115.0,613.0,0.0,0.0,0.0,1.0,115,ok,
football,VAE,25,results\final\final_dataset\VAE\football_25.gml,115.0,613.0,0.0935163996948894,10.660869565217391,10.660869565217391,2.109551596787456,6.0,18.0,0.3943023632243444,0.3983338599451131,1.0,115.0,1.0,0.04923612408751176,2.542181540808543,4.0,115.0,613.0,0.0,0.0,0.0,1.0,115,ok,
football,VAE,26,results\final\final_dataset\VAE\football_26.gml,115.0,613.0,0.0935163996948894,10.660869565217391,10.660869565217391,1.8784218932587333,6.0,15.0,0.3810612244897959,0.37935451022407546,1.0,115.0,1.0,0.15681070672608652,2.5282990083905417,5.0,115.0,613.0,0.0,0.0,0.0,1.0,115,ok,
football,VAE,27,results\final\final_dataset\VAE\football_27.gml,115.0,613.0,0.0935163996948894,10.660869565217391,10.660869565217391,2.042534472155437,6.0,17.0,0.37633885102239534,0.38002446260758266,1.0,115.0,1.0,0.08487925066415439,2.5121281464530894,4.0,115.0,613.0,0.0,0.0,0.0,1.0,115,ok,
football,VAE,28,results\final\final_dataset\VAE\football_28.gml,115.0,613.0,0.0935163996948894,10.660869565217391,10.660869565217391,1.8968484458345714,6.0,15.0,0.4057758198727362,0.3979746823225082,1.0,115.0,1.0,0.1554517968772495,2.539435545385202,4.0,115.0,613.0,0.0,0.0,0.0,1.0,115,ok,
football,VAE,29,results\final\final_dataset\VAE\football_29.gml,115.0,613.0,0.0935163996948894,10.660869565217391,10.660869565217391,2.3512696164144433,4.0,16.0,0.40721153846153846,0.40464301399083985,1.0,115.0,1.0,0.14301543901694783,2.517772692601068,4.0,115.0,613.0,0.0,0.0,0.0,1.0,115,ok,
football,VAE,3,results\final\final_dataset\VAE\football_3.gml,115.0,613.0,0.0935163996948894,10.660869565217391,10.660869565217391,2.0340020799516494,6.0,17.0,0.4232142857142857,0.41639883560599655,1.0,115.0,1.0,0.054824740170328984,2.5691838291380624,5.0,115.0,613.0,0.0,0.0,0.0,1.0,115,ok,
football,VAE,4,results\final\final_dataset\VAE\football_4.gml,115.0,613.0,0.0935163996948894,10.660869565217391,10.660869565217391,2.0763134408672257,6.0,16.0,0.3982171799027553,0.3929704353617397,1.0,115.0,1.0,0.09688039642389484,2.536231884057971,4.0,115.0,613.0,0.0,0.0,0.0,1.0,115,ok,
football,VAE,5,results\final\final_dataset\VAE\football_5.gml,115.0,613.0,0.0935163996948894,10.660869565217391,10.660869565217391,1.959977624192326,5.0,17.0,0.3887351456942862,0.38573790233636773,1.0,115.0,1.0,0.1006052116707191,2.5475209763539284,5.0,115.0,613.0,0.0,0.0,0.0,1.0,115,ok,
football,VAE,6,results\final\final_dataset\VAE\football_6.gml,115.0,613.0,0.0935163996948894,10.660869565217391,10.660869565217391,1.955535983557134,5.0,15.0,0.38537935525887335,0.3853384779471736,1.0,115.0,1.0,0.08831481597190877,2.5032799389778795,4.0,115.0,613.0,0.0,0.0,0.0,1.0,115,ok,
football,VAE,7,results\final\final_dataset\VAE\football_7.gml,115.0,613.0,0.0935163996948894,10.660869565217391,10.660869565217391,1.955535983557134,5.0,16.0,0.42005861282969714,0.4189502043849869,1.0,115.0,1.0,0.08465922981469302,2.553623188405797,5.0,115.0,613.0,0.0,0.0,0.0,1.0,115,ok,
football,VAE,8,results\final\final_dataset\VAE\football_8.gml,115.0,613.0,0.0935163996948894,10.660869565217391,10.660869565217391,1.8737869421911066,6.0,16.0,0.3786740692357936,0.38209712992321676,1.0,115.0,1.0,0.08213431736126017,2.513196033562166,4.0,115.0,613.0,0.0,0.0,0.0,1.0,115,ok,
football,VAE,9,results\final\final_dataset\VAE\football_9.gml,115.0,613.0,0.0935163996948894,10.660869565217391,10.660869565217391,2.021135954903618,5.0,15.0,0.39467273022575927,0.3902022615066093,1.0,115.0,1.0,0.09538904858882263,2.5388253241800154,4.0,115.0,613.0,0.0,0.0,0.0,1.0,115,ok,
karate,VAE,0,results\final\final_dataset\VAE\karate_0.gml,34.0,78.0,0.13903743315508021,4.588235294117647,4.588235294117647,3.1070853285280604,1.0,15.0,0.27702702702702703,0.3731595202183438,1.0,34.0,1.0,-0.27966148878124814,2.4973262032085564,6.0,34.0,78.0,0.0,0.0,0.0,1.0,34,ok,
karate,VAE,1,results\final\final_dataset\VAE\karate_1.gml,34.0,79.0,0.1408199643493761,4.647058823529412,4.647058823529412,3.3155813343628124,1.0,17.0,0.28421052631578947,0.49668623859800337,1.0,34.0,1.0,-0.32697572874220426,2.4206773618538326,5.0,34.0,79.0,0.0,0.0,0.0,1.0,34,ok,
karate,VAE,10,results\final\final_dataset\VAE\karate_10.gml,34.0,78.0,0.13903743315508021,4.588235294117647,4.588235294117647,3.5901634163922655,1.0,16.0,0.29458917835671344,0.5739145658263305,1.0,34.0,1.0,-0.40189378564156525,2.411764705882353,5.0,34.0,78.0,0.0,0.0,0.0,1.0,34,ok,
karate,VAE,11,results\final\final_dataset\VAE\karate_11.gml,34.0,79.0,0.1408199643493761,4.647058823529412,4.647058823529412,3.4375294902792892,1.0,17.0,0.26993865030674846,0.41894005648330906,1.0,34.0,1.0,-0.34392501845418305,2.4349376114081998,5.0,34.0,79.0,0.0,0.0,0.0,1.0,34,ok,
karate,VAE,12,results\final\final_dataset\VAE\karate_12.gml,34.0,78.0,0.13903743315508021,4.588235294117647,4.588235294117647,3.144721506970273,1.0,16.0,0.26785714285714285,0.40476827094474155,1.0,34.0,1.0,-0.28661934338953,2.5115864527629235,5.0,34.0,78.0,0.0,0.0,0.0,1.0,34,ok,
karate,VAE,13,results\final\final_dataset\VAE\karate_13.gml,34.0,78.0,0.13903743315508021,4.588235294117647,4.588235294117647,3.598346409924029,1.0,17.0,0.306,0.5784386125216576,1.0,34.0,1.0,-0.3714727240746789,2.4206773618538326,5.0,34.0,78.0,0.0,0.0,0.0,1.0,34,ok,
karate,VAE,14,results\final\final_dataset\VAE\karate_14.gml,34.0,78.0,0.13903743315508021,4.588235294117647,4.588235294117647,3.144721506970273,1.0,15.0,0.27455357142857145,0.44665840695252473,1.0,34.0,1.0,-0.3022146507666097,2.413547237076649,5.0,34.0,78.0,0.0,0.0,0.0,1.0,34,ok,
karate,VAE,15,results\final\final_dataset\VAE\karate_15.gml,34.0,78.0,0.13903743315508021,4.588235294117647,4.588235294117647,3.191142585886787,1.0,15.0,0.2913907284768212,0.43248581483875603,1.0,34.0,1.0,-0.3502441153206226,2.481283422459893,5.0,34.0,78.0,0.0,0.0,0.0,1.0,34,ok,
karate,VAE,16,results\final\final_dataset\VAE\karate_16.gml,34.0,78.0,0.13903743315508021,4.588235294117647,4.588235294117647,3.264043388001196,1.0,16.0,0.2668112798264642,0.38295985060690946,1.0,34.0,1.0,-0.34471498922979726,2.46524064171123,6.0,34.0,78.0,0.0,0.0,0.0,1.0,34,ok,
karate,VAE,17,results\final\final_dataset\VAE\karate_17.gml,34.0,78.0,0.13903743315508021,4.588235294117647,4.588235294117647,3.1911425858867863,1.0,14.0,0.2781456953642384,0.46642524142524144,1.0,34.0,1.0,-0.3021365605856862,2.4919786096256686,5.0,34.0,78.0,0.0,0.0,0.0,1.0,34,ok,
karate,VAE,18,results\final\final_dataset\VAE\karate_18.gml,34.0,78.0,0.13903743315508021,4.588235294117647,4.588235294117647,3.3529411764705883,1.0,15.0,0.2929936305732484,0.44920079920079914,1.0,34.0,1.0,-0.3148785399301572,2.4616755793226384,5.0,34.0,78.0,0.0,0.0,0.0,1.0,34,ok,
karate,VAE,19,results\final\final_dataset\VAE\karate_19.gml,34.0,79.0,0.1408199643493761,4.647058823529412,4.647058823529412,3.151865488145603,1.0,15.0,0.32166301969365424,0.5327102635926165,1.0,34.0,1.0,-0.30393925523035126,2.409982174688057,5.0,34.0,79.0,0.0,0.0,0.0,1.0,34,ok,
karate,VAE,2,results\final\final_dataset\VAE\karate_2.gml,34.0,79.0,0.1408199643493761,4.647058823529412,4.647058823529412,3.359642426186738,1.0,15.0,0.2625,0.5003374076903487,1.0,34.0,1.0,-0.38855992697825803,2.477718360071301,5.0,34.0,79.0,0.0,0.0,0.0,1.0,34,ok,
karate,VAE,20,results\final\final_dataset\VAE\karate_20.gml,34.0,78.0,0.13903743315508021,4.588235294117647,4.588235294117647,3.191142585886787,1.0,15.0,0.26490066225165565,0.48039150392091573,1.0,34.0,1.0,-0.32656462323410984,2.4385026737967914,5.0,34.0,78.0,0.0,0.0,0.0,1.0,34,ok,
karate,VAE,21,results\final\final_dataset\VAE\karate_21.gml,34.0,78.0,0.13903743315508021,4.588235294117647,4.588235294117647,3.4820349616349984,1.0,16.0,0.3148148148148148,0.4717415754180459,1.0,34.0,1.0,-0.35062728698379503,2.3992869875222818,5.0,34.0,78.0,0.0,0.0,0.0,1.0,34,ok,
karate,VAE,22,results\final\final_dataset\VAE\karate_22.gml,34.0,78.0,0.13903743315508021,4.588235294117647,4.588235294117647,3.3704393766533616,1.0,15.0,0.2917547568710359,0.36867413632119517,1.0,34.0,1.0,-0.3044552936742368,2.3814616755793225,5.0,34.0,78.0,0.0,0.0,0.0,1.0,34,ok,
karate,VAE,23,results\final\final_dataset\VAE\karate_23.gml,34.0,78.0,0.13903743315508021,4.588235294117647,4.588235294117647,3.2998899006484117,1.0,15.0,0.2903225806451613,0.35557889822595706,1.0,34.0,1.0,-0.29996782257864885,2.409982174688057,5.0,34.0,78.0,0.0,0.0,0.0,1.0,34,ok,
karate,VAE,24,results\final\final_dataset\VAE\karate_24.gml,34.0,78.0,0.13903743315508021,4.588235294117647,4.588235294117647,3.4820349616349984,1.0,16.0,0.25308641975308643,0.39292717086834733,1.0,34.0,1.0,-0.37570773793475326,2.3885918003565063,6.0,34.0,78.0,0.0,0.0,0.0,1.0,34,ok,
karate,VAE,25,results\final\final_dataset\VAE\karate_25.gml,34.0,78.0,0.13903743315508021,4.588235294117647,4.588235294117647,3.3353511770199615,1.0,15.0,0.3006396588486141,0.4983660130718955,1.0,34.0,1.0,-0.3720751487682539,2.447415329768271,5.0,34.0,78.0,0.0,0.0,0.0,1.0,34,ok,
karate,VAE,26,results\final\final_dataset\VAE\karate_26.gml,34.0,78.0,0.13903743315508021,4.588235294117647,4.588235294117647,3.5737412186080086,1.0,17.0,0.30784708249496984,0.6088468720821661,1.0,34.0,1.0,-0.3661424312361879,2.429590017825312,5.0,34.0,78.0,0.0,0.0,0.0,1.0,34,ok,
karate,VAE,27,results\final\final_dataset\VAE\karate_27.gml,34.0,79.0,0.1408199643493761,4.647058823529412,4.647058823529412,3.2165230857628977,1.0,14.0,0.23922413793103448,0.39792919498801854,1.0,34.0,1.0,-0.34882722845253744,2.4367201426024954,5.0,34.0,79.0,0.0,0.0,0.0,1.0,34,ok,
karate,VAE,28,results\final\final_dataset\VAE\karate_28.gml,34.0,81.0,0.1443850267379679,4.764705882352941,4.764705882352941,3.254488516146601,1.0,15.0,0.30927835051546393,0.4498258277670043,1.0,34.0,1.0,-0.26600692287210403,2.5026737967914436,6.0,34.0,81.0,0.0,0.0,0.0,1.0,34,ok,
karate,VAE,29,results\final\final_dataset\VAE\karate_29.gml,34.0,78.0,0.13903743315508021,4.588235294117647,4.588235294117647,2.931749598676968,1.0,14.0,0.28169014084507044,0.393583867113279,1.0,34.0,1.0,-0.31888023573984403,2.552584670231729,5.0,34.0,78.0,0.0,0.0,0.0,1.0,34,ok,
karate,VAE,3,results\final\final_dataset\VAE\karate_3.gml,34.0,78.0,0.13903743315508021,4.588235294117647,4.588235294117647,3.3878471999957482,1.0,16.0,0.25263157894736843,0.45821661998132585,1.0,34.0,1.0,-0.3661394171722059,2.358288770053476,5.0,34.0,78.0,0.0,0.0,0.0,1.0,34,ok,
karate,VAE,4,results\final\final_dataset\VAE\karate_4.gml,34.0,79.0,0.1408199643493761,4.647058823529412,4.647058823529412,3.2977920683317126,1.0,15.0,0.2917547568710359,0.43454911101969923,1.0,34.0,1.0,-0.2660211298972016,2.520499108734403,6.0,34.0,79.0,0.0,0.0,0.0,1.0,34,ok,
karate,VAE,5,results\final\final_dataset\VAE\karate_5.gml,34.0,79.0,0.1408199643493761,4.647058823529412,4.647058823529412,2.9890225919794116,1.0,15.0,0.29318181818181815,0.42411803882392124,1.0,34.0,1.0,-0.27106399309220003,2.4581105169340463,5.0,34.0,79.0,0.0,0.0,0.0,1.0,34,ok,
karate,VAE,6,results\final\final_dataset\VAE\karate_6.gml,34.0,78.0,0.13903743315508021,4.588235294117647,4.588235294117647,3.5406683239087497,1.0,16.0,0.2799188640973631,0.5052393684746627,1.0,34.0,1.0,-0.3666038614763162,2.4046345811051695,5.0,34.0,78.0,0.0,0.0,0.0,1.0,34,ok,
karate,VAE,7,results\final\final_dataset\VAE\karate_7.gml,34.0,78.0,0.13903743315508021,4.588235294117647,4.588235294117647,3.290964877811615,1.0,16.0,0.28448275862068967,0.4461151593504534,1.0,34.0,1.0,-0.3550873345343465,2.4527629233511585,6.0,34.0,78.0,0.0,0.0,0.0,1.0,34,ok,
karate,VAE,8,results\final\final_dataset\VAE\karate_8.gml,34.0,78.0,0.13903743315508021,4.588235294117647,4.588235294117647,3.4820349616349984,1.0,17.0,0.29012345679012347,0.5207453014113914,1.0,34.0,1.0,-0.3596151443208796,2.3975044563279857,5.0,34.0,78.0,0.0,0.0,0.0,1.0,34,ok,
karate,VAE,9,results\final\final_dataset\VAE\karate_9.gml,34.0,78.0,0.13903743315508021,4.588235294117647,4.588235294117647,3.3265212977879277,1.0,14.0,0.3141025641025641,0.38994959289076936,1.0,34.0,1.0,-0.31971326164874564,2.4171122994652405,5.0,34.0,78.0,0.0,0.0,0.0,1.0,34,ok,
polbooks,VAE,0,results\final\final_dataset\VAE\polbooks_0.gml,105.0,441.0,0.08076923076923077,8.4,8.4,3.8336852840501736,1.0,19.0,0.37769516728624536,0.384594237727807,1.0,105.0,1.0,0.20670180722891587,3.2315018315018316,7.0,105.0,441.0,0.0,0.0,0.0,1.0,105,ok,
polbooks,VAE,1,results\final\final_dataset\VAE\polbooks_1.gml,105.0,441.0,0.08076923076923077,8.4,8.4,3.639989534260203,1.0,20.0,0.36069714574387474,0.41012673911833575,1.0,105.0,1.0,0.14815892382755727,3.5032967032967033,8.0,105.0,441.0,0.0,0.0,0.0,1.0,105,ok,
polbooks,VAE,10,results\final\final_dataset\VAE\polbooks_10.gml,105.0,441.0,0.08076923076923077,8.4,8.4,3.5978829754123334,3.0,19.0,0.36596500126807,0.4059706856610882,1.0,105.0,1.0,0.15590963804976402,3.2144688644688646,7.0,105.0,441.0,0.0,0.0,0.0,1.0,105,ok,
polbooks,VAE,11,results\final\final_dataset\VAE\polbooks_11.gml,105.0,441.0,0.08076923076923077,8.4,8.4,3.9966652766191633,1.0,17.0,0.37445148707947346,0.3740172541433045,1.0,105.0,1.0,0.28901676423629596,3.13021978021978,7.0,105.0,441.0,0.0,0.0,0.0,1.0,105,ok,
polbooks,VAE,12,results\final\final_dataset\VAE\polbooks_12.gml,105.0,442.0,0.08095238095238096,8.41904761904762,8.41904761904762,3.8834960988925142,1.0,20.0,0.37214443625644805,0.4017190823493343,1.0,105.0,1.0,0.1010870147044673,3.006959706959707,6.0,105.0,442.0,0.0,0.0,0.0,1.0,105,ok,
polbooks,VAE,13,results\final\final_dataset\VAE\polbooks_13.gml,105.0,441.0,0.08076923076923077,8.4,8.4,3.763483695169879,1.0,17.0,0.35637634140254554,0.3857429825076881,1.0,105.0,1.0,0.09085556726022917,3.0589743589743588,6.0,105.0,441.0,0.0,0.0,0.0,1.0,105,ok,
polbooks,VAE,14,results\final\final_dataset\VAE\polbooks_14.gml,105.0,441.0,0.08076923076923077,8.4,8.4,3.9342210459117877,2.0,19.0,0.35328753680078506,0.40501704914575315,1.0,105.0,1.0,0.08527587357548479,3.048351648351648,6.0,105.0,441.0,0.0,0.0,0.0,1.0,105,ok,
polbooks,VAE,15,results\final\final_dataset\VAE\polbooks_15.gml,105.0,441.0,0.08076923076923077,8.4,8.4,4.095526014242045,1.0,20.0,0.35255791505791506,0.38871879189658926,1.0,105.0,1.0,0.1196708041014573,3.1122710622710623,7.0,105.0,441.0,0.0,0.0,0.0,1.0,105,ok,
polbooks,VAE,16,results\final\final_dataset\VAE\polbooks_16.gml,105.0,442.0,0.08095238095238096,8.41904761904762,8.41904761904762,4.00899216020555,1.0,18.0,0.37472714043172445,0.3786129852096238,1.0,105.0,1.0,0.1791192405337058,3.183150183150183,7.0,105.0,442.0,0.0,0.0,0.0,1.0,105,ok,
polbooks,VAE,17,results\final\final_dataset\VAE\polbooks_17.gml,105.0,441.0,0.08076923076923077,8.4,8.4,3.81126150843973,2.0,17.0,0.36065573770491804,0.3954181128550877,1.0,105.0,1.0,0.17712626221883973,3.1206959706959707,7.0,105.0,441.0,0.0,0.0,0.0,1.0,105,ok,
polbooks,VAE,18,results\final\final_dataset\VAE\polbooks_18.gml,105.0,441.0,0.08076923076923077,8.4,8.4,3.7912179221634483,2.0,22.0,0.359880537580886,0.41001026517833244,1.0,105.0,1.0,0.06948028013269482,3.1789377289377287,6.0,105.0,441.0,0.0,0.0,0.0,1.0,105,ok,
polbooks,VAE,19,results\final\final_dataset\VAE\polbooks_19.gml,105.0,441.0,0.08076923076923077,8.4,8.4,3.493122494546214,2.0,19.0,0.35809426229508196,0.3768290950290066,1.0,105.0,1.0,0.14204578672861815,3.1135531135531136,7.0,105.0,441.0,0.0,0.0,0.0,1.0,105,ok,
polbooks,VAE,2,results\final\final_dataset\VAE\polbooks_2.gml,105.0,441.0,0.08076923076923077,8.4,8.4,4.095526014242044,1.0,22.0,0.3236003861003861,0.37398460099698494,1.0,105.0,1.0,0.020460287817202785,3.015018315018315,6.0,105.0,441.0,0.0,0.0,0.0,1.0,105,ok,
polbooks,VAE,20,results\final\final_dataset\VAE\polbooks_20.gml,105.0,441.0,0.08076923076923077,8.4,8.4,3.8012529262762573,2.0,22.0,0.3654898060666335,0.3730462337472509,1.0,105.0,1.0,0.13960128319022053,3.012087912087912,6.0,105.0,441.0,0.0,0.0,0.0,1.0,105,ok,
polbooks,VAE,21,results\final\final_dataset\VAE\polbooks_21.gml,105.0,441.0,0.08076923076923077,8.4,8.4,3.6530483030972785,1.0,18.0,0.3458627648839556,0.3672245697035614,1.0,105.0,1.0,0.23557004196612963,3.1236263736263736,8.0,105.0,441.0,0.0,0.0,0.0,1.0,105,ok,
polbooks,VAE,22,results\final\final_dataset\VAE\polbooks_22.gml,105.0,441.0,0.08076923076923077,8.4,8.4,3.7861904462451563,2.0,19.0,0.3510956175298805,0.4074037421781783,1.0,105.0,1.0,0.06089887928806332,3.1377289377289377,7.0,105.0,441.0,0.0,0.0,0.0,1.0,105,ok,
polbooks,VAE,23,results\final\final_dataset\VAE\polbooks_23.gml,105.0,441.0,0.08076923076923077,8.4,8.4,3.8830523094719234,1.0,19.0,0.35215782983970406,0.42663936060663177,1.0,105.0,1.0,0.036162611240096856,3.00989010989011,6.0,105.0,441.0,0.0,0.0,0.0,1.0,105,ok,
polbooks,VAE,24,results\final\final_dataset\VAE\polbooks_24.gml,105.0,441.0,0.08076923076923077,8.4,8.4,3.603173204670731,3.0,19.0,0.332319391634981,0.3816123941090768,1.0,105.0,1.0,0.14976818495081812,3.1697802197802196,7.0,105.0,441.0,0.0,0.0,0.0,1.0,105,ok,
polbooks,VAE,25,results\final\final_dataset\VAE\polbooks_25.gml,105.0,441.0,0.08076923076923077,8.4,8.4,3.8830523094719234,1.0,21.0,0.33292231812577067,0.3669217686665719,1.0,105.0,1.0,0.13633074581116716,3.0772893772893775,7.0,105.0,441.0,0.0,0.0,0.0,1.0,105,ok,
polbooks,VAE,26,results\final\final_dataset\VAE\polbooks_26.gml,105.0,441.0,0.08076923076923077,8.4,8.4,3.7937291617063225,2.0,21.0,0.353819358049266,0.38869102174055736,1.0,105.0,1.0,0.08766152050475852,3.1518315018315017,7.0,105.0,441.0,0.0,0.0,0.0,1.0,105,ok,
polbooks,VAE,27,results\final\final_dataset\VAE\polbooks_27.gml,105.0,441.0,0.08076923076923077,8.4,8.4,3.61373042977027,3.0,17.0,0.36540896429475817,0.4315760134667697,1.0,105.0,1.0,0.17717786564052942,3.2364468864468865,7.0,105.0,441.0,0.0,0.0,0.0,1.0,105,ok,
polbooks,VAE,28,results\final\final_dataset\VAE\polbooks_28.gml,105.0,441.0,0.08076923076923077,8.4,8.4,3.991896553674468,2.0,20.0,0.37902439024390244,0.41009851779422773,1.0,105.0,1.0,0.12559792803231262,3.004945054945055,6.0,105.0,441.0,0.0,0.0,0.0,1.0,105,ok,
polbooks,VAE,29,results\final\final_dataset\VAE\polbooks_29.gml,105.0,441.0,0.08076923076923077,8.4,8.4,3.9099384966542696,2.0,20.0,0.352680767338908,0.3792529322692965,1.0,105.0,1.0,0.026094979040648336,3.2155677655677657,7.0,105.0,441.0,0.0,0.0,0.0,1.0,105,ok,
polbooks,VAE,3,results\final\final_dataset\VAE\polbooks_3.gml,105.0,441.0,0.08076923076923077,8.4,8.4,3.482199633236769,2.0,18.0,0.35923076923076924,0.4265964816384983,1.0,105.0,1.0,0.08902170616187416,3.165201465201465,8.0,105.0,441.0,0.0,0.0,0.0,1.0,105,ok,
polbooks,VAE,4,results\final\final_dataset\VAE\polbooks_4.gml,105.0,441.0,0.08076923076923077,8.4,8.4,3.9196695681918805,1.0,21.0,0.34275184275184273,0.4123571352231236,1.0,105.0,1.0,0.09714815268645514,2.965018315018315,6.0,105.0,441.0,0.0,0.0,0.0,1.0,105,ok,
polbooks,VAE,5,results\final\final_dataset\VAE\polbooks_5.gml,105.0,441.0,0.08076923076923077,8.4,8.4,3.788705018114463,2.0,20.0,0.35399551904406273,0.4278369626998555,1.0,105.0,1.0,0.04655991614231731,3.048168498168498,7.0,105.0,441.0,0.0,0.0,0.0,1.0,105,ok,
polbooks,VAE,6,results\final\final_dataset\VAE\polbooks_6.gml,105.0,441.0,0.08076923076923077,8.4,8.4,3.763483695169879,2.0,22.0,0.3286748190666334,0.37624976641783364,1.0,105.0,1.0,0.05985022967548813,3.0761904761904764,6.0,105.0,441.0,0.0,0.0,0.0,1.0,105,ok,
polbooks,VAE,7,results\final\final_dataset\VAE\polbooks_7.gml,105.0,441.0,0.08076923076923077,8.4,8.4,3.9414766389309093,1.0,19.0,0.37509193429762194,0.3889370379485372,1.0,105.0,1.0,0.1637900174681885,3.061172161172161,7.0,105.0,441.0,0.0,0.0,0.0,1.0,105,ok,
polbooks,VAE,8,results\final\final_dataset\VAE\polbooks_8.gml,105.0,441.0,0.08076923076923077,8.4,8.4,3.9366410627771056,1.0,20.0,0.35467255334805003,0.3956118109125626,1.0,105.0,1.0,0.1185764276673351,3.0785714285714287,7.0,105.0,441.0,0.0,0.0,0.0,1.0,105,ok,
polbooks,VAE,9,results\final\final_dataset\VAE\polbooks_9.gml,105.0,441.0,0.08076923076923077,8.4,8.4,3.8312002346647502,1.0,19.0,0.35994050570153696,0.39459062265563805,1.0,105.0,1.0,0.12826792243178736,3.178021978021978,6.0,105.0,441.0,0.0,0.0,0.0,1.0,105,ok,
