dataset,method,sample_id,n_nodes,n_edges,node_overlap_ref_frac,node_overlap_common,deg_wasserstein,clust_wasserstein,spath_wasserstein,alg_conn_abs_diff,louvain_mod_abs_diff,louvain_comm_size_js,netlsd_l2,status,error
karate,EC-SBM,0,34.0,76.0,1.0,34.0,0.11764705882352944,0.14959546892937894,0.1729055258467023,0.42614632884731596,0.05709147420872335,0.75,1.3563478667374245,ok,
karate,EC-SBM,1,34.0,78.0,1.0,34.0,0.0,0.13406251092237248,0.1836007130124777,0.37770033741202447,0.06204799474030248,0.7770078865364001,1.2709365713316358,ok,
karate,EC-SBM,10,34.0,78.0,1.0,34.0,0.0,0.17631199538638984,0.1960784313725491,0.436876184241451,0.0905654174884945,0.6875981034650653,1.5076174375416573,ok,
karate,EC-SBM,11,34.0,77.0,1.0,34.0,0.05882352941176472,0.12291426374471356,0.19073083778966132,0.3897487882980699,0.045494715075134695,0.6556390622295665,1.212510925304529,ok,
karate,EC-SBM,12,34.0,78.0,1.0,34.0,0.0,0.16252533990423262,0.196078431372549,0.46441894298044306,0.08637409598948065,1.0,1.6009500983443932,ok,
karate,EC-SBM,13,34.0,77.0,1.0,34.0,0.05882352941176472,0.14739130054873997,0.18360071301247766,0.35349251254174874,0.05460249041667631,1.0,1.3040476708593787,ok,
karate,EC-SBM,14,34.0,78.0,1.0,34.0,0.0,0.08251852434378387,0.1746880570409982,0.25161482657517786,0.049145299145299304,0.5,1.129627356764773,ok,
karate,EC-SBM,15,34.0,78.0,1.0,34.0,0.0,0.20947188144419976,0.1836007130124777,0.39784253548569826,0.07593688362919138,0.75,1.413573709257134,ok,
karate,EC-SBM,16,34.0,78.0,1.0,34.0,0.0,0.13165041417636572,0.18181818181818188,0.35112788186802346,0.03607823800131499,0.6556390622295665,1.1620916006753206,ok,
karate,EC-SBM,17,34.0,78.0,1.0,34.0,0.0,0.17659903533605956,0.2014260249554367,0.45467352204671807,0.07979947403024329,1.0,1.5228141398814798,ok,
karate,EC-SBM,18,34.0,78.0,1.0,34.0,0.0,0.06265902974380484,0.21212121212121215,0.335922299096413,0.06582840236686394,0.7126417936566767,1.4390238592455775,ok,
karate,EC-SBM,19,34.0,77.0,1.0,34.0,0.05882352941176472,0.20210758100031456,0.18716577540106955,0.42949846290251215,0.0862267103525845,0.5,1.4131587949055118,ok,
karate,EC-SBM,2,34.0,77.0,1.0,34.0,0.05882352941176472,0.04854732445562896,0.20855614973262032,0.4360223242133684,0.059072046834284575,0.7770078865364001,1.4261202796302537,ok,
karate,EC-SBM,20,34.0,78.0,1.0,34.0,0.0,0.059342560553633225,0.1925133689839572,0.29033212261924024,0.0738001314924393,1.0,1.2235970268514669,ok,
karate,EC-SBM,21,34.0,77.0,1.0,34.0,0.05882352941176472,0.15914027821467264,0.17468805704099816,0.37468471860235497,0.06522822831514147,1.0,1.4271992558929112,ok,
karate,EC-SBM,22,34.0,78.0,1.0,34.0,0.0,0.21033824403201562,0.19964349376114088,0.4188301184753843,0.10272846811308356,0.7770078865364001,1.4574812092843565,ok,
karate,EC-SBM,23,34.0,77.0,1.0,34.0,0.05882352941176472,0.1207201775540876,0.18360071301247766,0.36754451652878517,0.05797574054317317,1.0,1.3564414227501087,ok,
karate,EC-SBM,24,34.0,77.0,1.0,34.0,0.05882352941176472,0.12115401419034635,0.17468805704099827,0.4041465405036069,0.07728759751736775,0.7770078865364001,1.2089637813540721,ok,
karate,EC-SBM,25,34.0,78.0,1.0,34.0,0.0,0.17119945126000485,0.2049910873440286,0.3759684711188239,0.07158119658119666,1.0,1.5555632992884894,ok,
karate,EC-SBM,26,34.0,78.0,1.0,34.0,0.0,0.1797285135087903,0.23529411764705876,0.46167048683701795,0.12467126890203817,0.7770078865364001,1.8671447655723956,ok,
karate,EC-SBM,27,34.0,78.0,1.0,34.0,0.0,0.12963501800006988,0.1657754010695187,0.3787563817808244,0.04758382642998038,1.0,1.1961808890923606,ok,
karate,EC-SBM,28,34.0,77.0,1.0,34.0,0.05882352941176472,0.1065003095712438,0.18181818181818182,0.43877023930535786,0.05763841553052346,0.5540157730728,1.2403633215678211,ok,
karate,EC-SBM,29,34.0,78.0,1.0,34.0,0.0,0.13742048512809757,0.20677361853832443,0.42237990075033316,0.09648257725180809,0.7770078865364001,1.569479500381504,ok,
karate,EC-SBM,3,34.0,78.0,1.0,34.0,0.0,0.21839196462898883,0.18894830659536543,0.40312970264074544,0.06821170282708744,0.5540157730728001,1.3860689809638211,ok,
karate,EC-SBM,4,34.0,78.0,1.0,34.0,0.0,0.07432456048373004,0.19429590017825316,0.34810903563145057,0.06467784352399741,0.7126417936566767,1.4073702111126074,ok,
karate,EC-SBM,5,34.0,78.0,1.0,34.0,0.0,0.127486805774003,0.19786096256684493,0.413883177140535,0.09549638395792254,0.5,1.476964440843589,ok,
karate,EC-SBM,6,34.0,78.0,1.0,34.0,0.0,0.13047604068365315,0.19073083778966138,0.46547923925335233,0.06402038132807364,0.7977186261552773,1.3571904656073328,ok,
karate,EC-SBM,7,34.0,78.0,1.0,34.0,0.0,0.20952212435776446,0.1960784313725491,0.42825259670244165,0.08990795529257078,0.7770078865364001,1.558372473918988,ok,
karate,EC-SBM,8,34.0,78.0,1.0,34.0,0.0,0.07270630177204572,0.18181818181818177,0.4079917748619082,0.04643326758711375,1.0,1.2586848504672694,ok,
karate,EC-SBM,9,34.0,77.0,1.0,34.0,0.05882352941176466,0.0512879661668589,0.19251336898395727,0.3667651367187097,0.06320427823924335,0.5,1.3161605729017356,ok,
karate,RECCS,0,34.0,65.0,1.0,34.0,0.7647058823529413,0.38669823544391024,0.2620320855614974,0.020797442192490967,0.020295857988165744,0.75,1.9582142145375798,ok,
karate,RECCS,1,34.0,67.0,1.0,34.0,0.7647058823529413,0.2644908676483071,0.20320855614973254,0.05794001263764326,0.026232763586465757,0.7770078865364001,1.3781286961933594,ok,
karate,RECCS,10,34.0,69.0,1.0,34.0,0.5294117647058824,0.18935162780318487,0.12834224598930494,0.10331205552935552,0.050857310818049506,0.75,0.9908630739160794,ok,
karate,RECCS,11,34.0,65.0,1.0,34.0,0.8235294117647061,0.3467461940212805,0.30124777183600715,0.08845482976487284,0.04680473372781063,1.0,2.0639343020134486,ok,
karate,RECCS,12,34.0,69.0,1.0,34.0,0.5882352941176472,0.22840734332948867,0.18360071301247782,0.0520259588912414,0.011789888007715521,0.6875981034650653,1.1859003839906332,ok,
karate,RECCS,13,34.0,64.0,1.0,34.0,0.823529411764706,0.36835089650833597,0.27629233511586454,0.05062780622723584,0.033525275055473314,0.6875981034650653,2.0667437979583516,ok,
karate,RECCS,14,34.0,64.0,1.0,34.0,0.8235294117647061,0.44251056037388214,0.2566844919786096,0.0694334470260044,0.004194451507026686,1.0,2.11017711222301,ok,
karate,RECCS,15,34.0,67.0,1.0,34.0,0.7058823529411765,0.3863120203518127,0.196078431372549,0.01520316676348149,0.0020625697793817954,1.0,1.0000987656161588,ok,
karate,RECCS,16,34.0,68.0,1.0,34.0,0.5882352941176471,0.258207445188414,0.15508021390374338,0.13223375849783725,0.001911176061096198,0.3310236596092001,0.6317224853130429,ok,
karate,RECCS,17,34.0,65.0,1.0,34.0,0.7647058823529413,0.41327280466553823,0.21925133689839582,0.08998834002706124,0.002781065088757362,0.7977186261552773,1.5452100337013706,ok,
karate,RECCS,18,34.0,67.0,1.0,34.0,0.6470588235294118,0.21199001882392887,0.16934046345811055,0.043244724513030075,0.0027308700689785415,1.0,1.430166925832058,ok,
karate,RECCS,19,34.0,65.0,1.0,34.0,0.7647058823529412,0.4070403116683393,0.31729055258467026,0.14586035476446135,0.013550295857988115,1.0,1.8465743145723954,ok,
karate,RECCS,2,34.0,66.0,1.0,34.0,0.7058823529411766,0.31781401508910156,0.24064171122994657,0.03977604505224319,0.0214408745877277,0.75,1.561595352835439,ok,
karate,RECCS,20,34.0,71.0,1.0,34.0,0.4705882352941177,0.2694904432361179,0.14438502673796796,0.0767295420671329,0.01237221646404807,1.0,1.3076148211252467,ok,
karate,RECCS,21,34.0,64.0,1.0,34.0,0.8823529411764707,0.35285136336174394,0.3012477718360071,0.128251895043499,0.029985235992973314,1.0,2.0192313230065135,ok,
karate,RECCS,22,34.0,70.0,1.0,34.0,0.47058823529411775,0.2675949531053337,0.1871657754010696,0.1056633763492334,0.012580002415167213,0.5540157730728,1.4914012528738345,ok,
karate,RECCS,23,34.0,63.0,1.0,34.0,0.8823529411764706,0.3894040263849952,0.1942959001782532,0.09998346549344794,0.01602545467014327,0.5,1.3065226104342915,ok,
karate,RECCS,24,34.0,73.0,1.0,34.0,0.3529411764705883,0.2300090096370373,0.12834224598930477,0.0006257483283910736,0.009095315239490032,0.5,0.9748714712119988,ok,
karate,RECCS,25,34.0,67.0,1.0,34.0,0.7058823529411765,0.2756450729201594,0.14795008912655966,0.10387504366308387,0.029797031797648643,1.0,0.9322145743609611,ok,
karate,RECCS,26,34.0,62.0,1.0,34.0,0.9411764705882354,0.38757252455349334,0.3547237076648841,0.08749921513450876,0.03891948722053573,0.7770078865364001,2.932933898186229,ok,
karate,RECCS,27,34.0,64.0,1.0,34.0,0.823529411764706,0.32808479006575886,0.3137254901960785,0.09428135645025115,0.048173712555473314,0.75,2.0062307464966915,ok,
karate,RECCS,28,34.0,65.0,1.0,34.0,0.823529411764706,0.3688177499163658,0.32085561497326204,0.055653097592771705,0.03130177514792892,0.7977186261552773,1.944345838412878,ok,
karate,RECCS,29,34.0,61.0,1.0,34.0,1.0,0.4221302870524324,0.29590017825311943,0.0399023446864315,0.02279601303333545,0.5,2.0870227239423484,ok,
karate,RECCS,3,34.0,65.0,1.0,34.0,0.823529411764706,0.3061554122540281,0.3689839572192513,0.22428648022208175,0.006449704142011847,0.7126417936566767,2.4296844254500547,ok,
karate,RECCS,4,34.0,64.0,1.0,34.0,0.8823529411764707,0.4277005337991497,0.2049910873440286,0.13847309629006077,0.017045782867973314,1.0,1.5045931306655969,ok,
karate,RECCS,5,34.0,65.0,1.0,34.0,0.823529411764706,0.4357878712982519,0.23351158645276282,0.09105392707774795,0.0017159763313609466,0.7770078865364001,1.2830104160257771,ok,
karate,RECCS,6,34.0,65.0,1.0,34.0,0.7647058823529412,0.30837933212500684,0.19251336898395732,0.08664815207498633,0.00952662721893488,0.5540157730728001,1.1443397685740613,ok,
karate,RECCS,7,34.0,68.0,1.0,34.0,0.5882352941176471,0.26917719439345733,0.13190730837789666,0.12374086448025512,0.020796436395651208,0.7770078865364001,0.9527139334651434,ok,
karate,RECCS,8,34.0,69.0,1.0,34.0,0.5294117647058825,0.2356812785446003,0.17647058823529405,0.037677572235893964,0.027437861122607266,0.75,1.6097796193745537,ok,
karate,RECCS,9,34.0,67.0,1.0,34.0,0.6470588235294119,0.32602002476569947,0.23885918003565065,0.009017018803782417,0.016427071566129436,0.75,1.6904253859250782,ok,
karate,VAE,0,34.0,78.0,1.0,34.0,0.6470588235294119,0.1974789579893386,0.089126559714795,0.06743618655175243,0.015125622395774474,1.0,1.1364714032091117,ok,
karate,VAE,1,34.0,79.0,1.0,34.0,0.5294117647058825,0.08022472529392943,0.05882352941176466,0.112316204766643,0.004443944488191021,0.75,1.1270103434098202,ok,
karate,VAE,10,34.0,78.0,1.0,34.0,0.23529411764705888,0.010839112828732202,0.01782531194295911,0.010919773261852561,0.01735340670863278,0.75,0.5387032752568871,ok,
karate,VAE,11,34.0,79.0,1.0,34.0,0.6470588235294119,0.15169842172437326,0.03743315508021389,0.0045807952901948945,0.003797538343011664,0.7770078865364001,0.6656375591814904,ok,
karate,VAE,12,34.0,78.0,1.0,34.0,0.5294117647058825,0.1658702072629408,0.10338680926916222,0.08318650763277363,0.03651482179701643,0.6556390622295665,1.0704121562956224,ok,
karate,VAE,13,34.0,78.0,1.0,34.0,0.3529411764705883,0.024344844889827594,0.03743315508021394,0.015956114136784327,0.020418670466059496,0.75,0.9457529970164206,ok,
karate,VAE,14,34.0,78.0,1.0,34.0,0.47058823529411775,0.12398007125515773,0.09090909090909105,0.02334122850930176,0.03482514261174202,1.0,0.9576083028501695,ok,
karate,VAE,15,34.0,78.0,1.0,34.0,0.5294117647058825,0.13815266336892634,0.07308377896613194,0.08405079375039665,0.045679302448913606,0.5,1.185976805541468,ok,
karate,VAE,16,34.0,78.0,1.0,34.0,0.5882352941176472,0.18767862760077292,0.057040998217468775,0.018611440669231483,0.010285843570446374,0.7126417936566767,0.659074920834212,ok,
karate,VAE,17,34.0,78.0,1.0,34.0,0.47058823529411775,0.10421323678244093,0.08377896613190738,0.13640588712646262,0.00801427365706081,1.0,1.1294433643970636,ok,
karate,VAE,18,34.0,78.0,1.0,34.0,0.5294117647058824,0.12143767900688314,0.07486631016042777,0.10848681219844208,0.010023806568185134,0.7770078865364001,1.411315008795324,ok,
karate,VAE,19,34.0,79.0,1.0,34.0,0.5882352941176472,0.042961743178006134,0.09447415329768277,0.05137184178791221,0.04882976507494563,1.0,0.8642027530369157,ok,
karate,VAE,2,34.0,79.0,1.0,34.0,0.41176470588235303,0.07030107051733349,0.07308377896613188,0.10647653246967959,0.04804357328443126,0.75,1.1981353078184869,ok,
karate,VAE,20,34.0,78.0,1.0,34.0,0.47058823529411775,0.09024697428676666,0.0659536541889485,0.008721413043351056,0.03421860713776992,0.5,0.8983545208224682,ok,
karate,VAE,21,34.0,78.0,1.0,34.0,0.47058823529411775,0.09889690278963634,0.0623885918003565,0.0241359290712978,0.04324751139682137,1.0,0.5330575591776805,ok,
karate,VAE,22,34.0,78.0,1.0,34.0,0.47058823529411775,0.20196434188648715,0.08734402852049927,0.09495058542318602,0.0074042026742299205,0.5,0.6384610123659629,ok,
karate,VAE,23,34.0,78.0,1.0,34.0,0.47058823529411775,0.21505957998172526,0.06595365418894827,0.06786143098846198,0.018120401825709953,0.7770078865364001,0.9181185309421287,ok,
karate,VAE,24,34.0,78.0,1.0,34.0,0.47058823529411764,0.177711307339335,0.06238859180035661,0.03686386775147704,0.016108115567097236,0.5,0.6092682912758978,ok,
karate,VAE,25,34.0,78.0,1.0,34.0,0.3529411764705883,0.07227246513578692,0.06417112299465233,0.07795930886121544,0.049988014852813845,0.75,1.1714763579254004,ok,
karate,VAE,26,34.0,78.0,1.0,34.0,0.4117647058823529,0.052213996115380204,0.024955436720142665,0.034024436617404286,0.03512776705498505,0.5,1.1914935036977752,ok,
karate,VAE,27,34.0,79.0,1.0,34.0,0.5294117647058825,0.17270928321966383,0.07130124777183605,0.03525485513852855,0.01908381442477386,0.75,0.6104317075090983,ok,
karate,VAE,28,34.0,81.0,1.0,34.0,0.7647058823529412,0.12081265044067808,0.10516934046345802,0.07882168144485585,0.01359951414357874,0.4646059900014654,0.9568246338428834,ok,
karate,VAE,29,34.0,78.0,1.0,34.0,0.7647058823529413,0.17705461109440346,0.14438502673796783,0.07772746272555014,0.018299293774133196,1.0,1.363974158017606,ok,
karate,VAE,3,34.0,78.0,1.0,34.0,0.5294117647058824,0.11242185822635647,0.057040998217468886,0.12712904453356322,0.008781510454666575,0.5,0.5331817672977466,ok,
karate,VAE,4,34.0,79.0,1.0,34.0,0.5882352941176472,0.1360893671879831,0.11586452762923344,0.13714125852392994,0.008339832831056326,0.5,0.9653766061350132,ok,
karate,VAE,5,34.0,79.0,1.0,34.0,0.7058823529411766,0.14652043938376116,0.06417112299465239,0.03483943825888913,0.031616321744686426,1.0,1.1055432161026943,ok,
karate,VAE,6,34.0,78.0,1.0,34.0,0.2941176470588236,0.06539910973301977,0.06773618538324422,0.006190683760351701,0.007486673103238306,0.5540157730728,0.6109405280801389,ok,
karate,VAE,7,34.0,78.0,1.0,34.0,0.47058823529411775,0.12452331885722889,0.0445632798573975,0.01509649936225349,0.015129183481336184,1.0,0.8615162822989892,ok,
karate,VAE,8,34.0,78.0,1.0,34.0,0.41176470588235303,0.053721374742135966,0.060606060606060774,0.0017847163857371284,0.009767752462168933,1.0,0.5187782485804971,ok,
karate,VAE,9,34.0,78.0,1.0,34.0,0.5882352941176472,0.180688885316913,0.07308377896613194,0.011646259348026433,0.01872773688459417,0.75,0.5257544352108238,ok,
polbooks,EC-SBM,0,105.0,441.0,1.0,105.0,0.0,0.27961492352119816,0.5923076923076924,0.6830510304572494,0.1427774435548973,1.0,5.224070764399891,ok,
polbooks,EC-SBM,1,105.0,440.0,1.0,105.0,0.01904761904761909,0.27455192106802595,0.5732600732600733,0.7716707154887693,0.1338036770471448,0.7454842658866759,5.0580824866060174,ok,
polbooks,EC-SBM,10,105.0,441.0,1.0,105.0,0.0,0.2670986510948244,0.591025641025641,0.7536028908365718,0.13878990749739029,1.0,5.079955210030097,ok,
polbooks,EC-SBM,11,105.0,441.0,1.0,105.0,0.0,0.2539962300574573,0.5534798534798535,0.6922138941390382,0.12122778060581746,1.0,4.978270932189517,ok,
polbooks,EC-SBM,12,105.0,441.0,1.0,105.0,0.0,0.271049494855506,0.5820512820512821,0.8982318102942303,0.13862793794766576,1.0,5.184906268035791,ok,
polbooks,EC-SBM,13,105.0,441.0,1.0,105.0,0.0,0.2784532617048818,0.5727106227106228,0.837528431541232,0.13060658881844484,1.0,5.159542423607018,ok,
polbooks,EC-SBM,14,105.0,441.0,1.0,105.0,0.0,0.2737709524801424,0.6131868131868132,1.0146636005350582,0.1428211496238706,1.0,5.465267754195448,ok,
polbooks,EC-SBM,15,105.0,441.0,1.0,105.0,0.0,0.25376747875347955,0.5780219780219781,0.8840293702495577,0.12978902823412047,1.0,5.130282522769564,ok,
polbooks,EC-SBM,16,105.0,441.0,1.0,105.0,0.0,0.2473970192089147,0.5791208791208792,0.8120516935059535,0.13242167615345446,1.0,5.004327662135834,ok,
polbooks,EC-SBM,17,105.0,441.0,1.0,105.0,0.0,0.26944325511912,0.5540293040293041,0.7465989410824648,0.13327780091628477,1.0,5.098662888989261,ok,
polbooks,EC-SBM,18,105.0,441.0,1.0,105.0,0.0,0.25686969796159653,0.5844322344322345,0.8651373210070205,0.12960392017729216,1.0,5.1916774997409725,ok,
polbooks,EC-SBM,19,105.0,441.0,1.0,105.0,0.0,0.24783834741964078,0.6054945054945056,1.0179627965100355,0.1273492012073158,1.0,5.373995501879193,ok,
polbooks,EC-SBM,2,105.0,441.0,1.0,105.0,0.0,0.24863490145150818,0.5622710622710623,0.7422895323255755,0.11663864336361895,1.0,5.006877946800346,ok,
polbooks,EC-SBM,20,105.0,441.0,1.0,105.0,0.0,0.24270440229311835,0.5840659340659341,0.8059346379111726,0.14249978146965503,1.0,5.034069611401437,ok,
polbooks,EC-SBM,21,105.0,440.0,1.0,105.0,0.01904761904761909,0.2400339428569146,0.5816849816849817,0.8429099802203129,0.13890698283226866,1.0,5.106064891355667,ok,
polbooks,EC-SBM,22,105.0,441.0,1.0,105.0,0.0,0.24054938856871438,0.5648351648351649,0.7832836467302439,0.13312611514749506,1.0,5.01701521734277,ok,
polbooks,EC-SBM,23,105.0,441.0,1.0,105.0,0.0,0.23114118030399783,0.5556776556776557,0.7151144915777815,0.11462559324561267,0.6979078010016793,4.863737216930219,ok,
polbooks,EC-SBM,24,105.0,441.0,1.0,105.0,0.0,0.2572700706981037,0.5793040293040294,0.8472419707129256,0.13303870300954845,1.0,5.124098468443221,ok,
polbooks,EC-SBM,25,105.0,441.0,1.0,105.0,0.0,0.26266901297687983,0.5763736263736264,0.8902331672597205,0.13363516230377248,1.0,5.1917244800513345,ok,
polbooks,EC-SBM,26,105.0,441.0,1.0,105.0,0.0,0.27230759017569395,0.5727106227106228,0.9159252810887125,0.1372781916999603,1.0,5.288131723099585,ok,
polbooks,EC-SBM,27,105.0,441.0,1.0,105.0,0.0,0.23292592817852897,0.5417582417582418,0.658187314618372,0.12127919951049193,1.0,4.784316284559603,ok,
polbooks,EC-SBM,28,105.0,441.0,1.0,105.0,0.0,0.26361653813598895,0.5840659340659341,0.9260922019897201,0.1408877988081096,0.8,5.165643980334022,ok,
polbooks,EC-SBM,29,105.0,441.0,1.0,105.0,0.0,0.2645470832493312,0.5600732600732601,0.6954523445225579,0.1153660254729253,1.0,4.958066627484783,ok,
polbooks,EC-SBM,3,105.0,441.0,1.0,105.0,0.0,0.2620309988014736,0.5672161172161173,0.7643426320936465,0.12387071230608637,1.0,5.065027126239562,ok,
polbooks,EC-SBM,4,105.0,440.0,1.0,105.0,0.019047619047619035,0.2673340359235019,0.5641025641025641,0.7532747734011923,0.1345139043198721,1.0,5.068750885143122,ok,
polbooks,EC-SBM,5,105.0,440.0,1.0,105.0,0.01904761904761898,0.23131597010669372,0.5543956043956044,0.7467901659373525,0.12562702415458282,1.0,4.974526978695157,ok,
polbooks,EC-SBM,6,105.0,441.0,1.0,105.0,0.0,0.2448379744950135,0.617948717948718,0.8679833708139552,0.13065286583265195,1.0,5.2942875416826825,ok,
polbooks,EC-SBM,7,105.0,441.0,1.0,105.0,0.0,0.2582500035871957,0.5661172161172162,0.8302598025049522,0.14669042220062622,1.0,5.149461884927745,ok,
polbooks,EC-SBM,8,105.0,441.0,1.0,105.0,0.0,0.2713852104830702,0.5699633699633699,0.7984980008122621,0.15098904263141372,1.0,5.115456159385381,ok,
polbooks,EC-SBM,9,105.0,441.0,1.0,105.0,0.0,0.2538064409429331,0.5494505494505495,0.6724993904848715,0.117263383055414,1.0,4.716085972126162,ok,
polbooks,RECCS,0,105.0,417.0,1.0,105.0,0.4571428571428571,0.30401920556138584,0.47051282051282056,0.4677095145553689,0.10094196271743727,0.7454842658866759,4.181237333824499,ok,
polbooks,RECCS,1,105.0,411.0,1.0,105.0,0.5714285714285713,0.32920314222033353,0.4485347985347986,0.44833254671071854,0.1043539266693091,0.7770078865364001,4.083804833958023,ok,
polbooks,RECCS,10,105.0,424.0,1.0,105.0,0.36190476190476195,0.2694699197038293,0.4584249084249084,0.4971684460557506,0.10789788776740922,1.0,4.249244711052303,ok,
polbooks,RECCS,11,105.0,418.0,1.0,105.0,0.4571428571428571,0.2770572514558054,0.4765567765567766,0.44241161914482363,0.10351510049212087,0.7770078865364001,4.080699346362752,ok,
polbooks,RECCS,12,105.0,421.0,1.0,105.0,0.3999999999999999,0.26128785627714535,0.43113553113553116,0.4797436318077998,0.10631016735501386,1.0,3.997883413197457,ok,
polbooks,RECCS,13,105.0,418.0,1.0,105.0,0.4571428571428573,0.25622256120838893,0.42582417582417587,0.4331982330976375,0.09253778770166277,1.0,3.8409824940254653,ok,
polbooks,RECCS,14,105.0,435.0,1.0,105.0,0.22857142857142862,0.2401772049361227,0.46483516483516485,0.42103853495724186,0.10291269740694198,1.0,4.1384516387803885,ok,
polbooks,RECCS,15,105.0,416.0,1.0,105.0,0.49523809523809503,0.271410656545418,0.48864468864468863,0.5125322531039586,0.10991167648324196,1.0,4.226740361707758,ok,
polbooks,RECCS,16,105.0,414.0,1.0,105.0,0.5333333333333332,0.2747614438135754,0.4520146520146521,0.41735026221538885,0.10164993423580393,1.0,3.954627766792588,ok,
polbooks,RECCS,17,105.0,411.0,1.0,105.0,0.5904761904761904,0.28673540683353577,0.37967032967032976,0.3841548376596231,0.08760941296171798,1.0,3.6122050878540337,ok,
polbooks,RECCS,18,105.0,418.0,1.0,105.0,0.4761904761904762,0.29389316626904843,0.4787545787545788,0.4808036628850413,0.10166074734086517,1.0,4.206696670980369,ok,
polbooks,RECCS,19,105.0,401.0,1.0,105.0,0.7619047619047621,0.31249712533519236,0.4064102564102565,0.37774645414840946,0.08843836987380016,0.7770078865364001,3.668292894165455,ok,
polbooks,RECCS,2,105.0,427.0,1.0,105.0,0.38095238095238115,0.2862229500919192,0.49523809523809526,0.48396682043396855,0.10015610964628019,1.0,4.20727689684694,ok,
polbooks,RECCS,20,105.0,408.0,1.0,105.0,0.6666666666666669,0.3126672421284848,0.42820512820512824,0.4025079953549483,0.0802349427555023,1.0,3.9296525175656734,ok,
polbooks,RECCS,21,105.0,418.0,1.0,105.0,0.47619047619047594,0.25836766514492804,0.45787545787545797,0.42882589933060833,0.0994343788969193,0.5540157730728001,3.9763346799409978,ok,
polbooks,RECCS,22,105.0,408.0,1.0,105.0,0.6285714285714284,0.3060246096941672,0.4655677655677656,0.5466518643153035,0.12152314921455665,1.0,4.298095747637541,ok,
polbooks,RECCS,23,105.0,423.0,1.0,105.0,0.45714285714285674,0.28956963904193866,0.4494505494505495,0.4684300538359871,0.09963032065408545,0.7770078865364001,4.018742388774708,ok,
polbooks,RECCS,24,105.0,417.0,1.0,105.0,0.47619047619047583,0.2636573618094492,0.44230769230769235,0.37289774127927455,0.09858413674799699,1.0,3.8279977653021224,ok,
polbooks,RECCS,25,105.0,411.0,1.0,105.0,0.5714285714285714,0.2803682456405953,0.45659340659340664,0.4675877251548969,0.11204391192869073,0.7770078865364001,3.996348375755895,ok,
polbooks,RECCS,26,105.0,417.0,1.0,105.0,0.4571428571428573,0.2825054780976362,0.40824175824175835,0.4023977379657786,0.09861864151828148,1.0,3.8329683717028953,ok,
polbooks,RECCS,27,105.0,412.0,1.0,105.0,0.5714285714285712,0.2592943413313969,0.4562271062271064,0.4656859800901507,0.09500555864580301,1.0,4.071372816233644,ok,
polbooks,RECCS,28,105.0,415.0,1.0,105.0,0.5523809523809521,0.3029469268190688,0.45457875457875463,0.5405119565056539,0.09214171467510357,1.0,4.2432088346359045,ok,
polbooks,RECCS,29,105.0,423.0,1.0,105.0,0.47619047619047633,0.27308770401953486,0.4346153846153847,0.34963312448952644,0.0921888215119675,0.7454842658866759,3.934260273080347,ok,
polbooks,RECCS,3,105.0,413.0,1.0,105.0,0.5714285714285713,0.2783403446628261,0.4622710622710623,0.4659385540378682,0.10270465934937978,1.0,4.0590887234361706,ok,
polbooks,RECCS,4,105.0,413.0,1.0,105.0,0.5523809523809522,0.27470062236398796,0.46996336996337007,0.5420567100655189,0.11242799711884549,1.0,4.259886943316146,ok,
polbooks,RECCS,5,105.0,415.0,1.0,105.0,0.49523809523809503,0.2557867087839974,0.4664835164835166,0.4105803847452163,0.0914565644355913,0.7770078865364001,3.8582836601774866,ok,
polbooks,RECCS,6,105.0,422.0,1.0,105.0,0.3999999999999999,0.283961501362959,0.4302197802197803,0.3053363302547548,0.09810039201320875,1.0,3.7579203404869737,ok,
polbooks,RECCS,7,105.0,421.0,1.0,105.0,0.4571428571428569,0.2875536221497609,0.4774725274725275,0.4555281032397077,0.11563363088771783,1.0,4.147459769357003,ok,
polbooks,RECCS,8,105.0,410.0,1.0,105.0,0.5904761904761904,0.27276055864373844,0.4391941391941392,0.49539001184828435,0.10581837799502603,1.0,4.115974434005328,ok,
polbooks,RECCS,9,105.0,408.0,1.0,105.0,0.6285714285714286,0.26131665290084993,0.4644688644688646,0.450321134327073,0.09282625378971993,1.0,4.04731750899904,ok,
polbooks,VAE,0,105.0,441.0,1.0,105.0,1.619047619047619,0.1029325535039244,0.15274725274725265,0.09101500882911326,0.06540965706863755,0.8177611278958912,2.887860994939027,ok,
polbooks,VAE,1,105.0,441.0,1.0,105.0,1.7714285714285714,0.07740005211339557,0.42454212454212437,0.2096238207090056,0.08221681849920437,0.4749156875380792,4.411236983161141,ok,
polbooks,VAE,10,105.0,441.0,1.0,105.0,1.5619047619047621,0.08282594684048447,0.13571428571428562,0.06932662066449247,0.08737839312682993,0.7245112497836532,3.0755438633883103,ok,
polbooks,VAE,11,105.0,441.0,1.0,105.0,1.5809523809523809,0.11350953708842676,0.11813186813186816,0.04939922529848251,0.07484899744740758,0.7245112497836532,3.632530315990193,ok,
polbooks,VAE,12,105.0,442.0,1.0,105.0,1.619047619047619,0.08580770888239689,0.168864468864469,0.028508850287688903,0.08067720662407685,0.7245112497836532,2.243141368840122,ok,
polbooks,VAE,13,105.0,441.0,1.0,105.0,1.6571428571428573,0.10178380872404294,0.1234432234432235,0.02476318665838778,0.08114299602207997,0.8177611278958912,2.462910235734825,ok,
polbooks,VAE,14,105.0,441.0,1.0,105.0,1.4857142857142853,0.08250974208597806,0.10952380952380958,0.04062160450135538,0.06443811192952142,0.5245112497836532,1.756179386150936,ok,
polbooks,VAE,15,105.0,441.0,1.0,105.0,1.1999999999999997,0.09880799933514199,0.06721611721611731,0.08273843821543164,0.05202200195273621,0.8,2.066001819458274,ok,
polbooks,VAE,16,105.0,442.0,1.0,105.0,1.6952380952380952,0.10891380602210747,0.10476190476190467,0.042489883541679596,0.07275625174717604,0.8177611278958912,2.4534671162818174,ok,
polbooks,VAE,17,105.0,441.0,1.0,105.0,1.676190476190476,0.09210867837664369,0.11886446886446894,0.053342904549692316,0.07471902976540212,0.8177611278958912,2.675088638194816,ok,
polbooks,VAE,18,105.0,441.0,1.0,105.0,1.5999999999999996,0.07790064371305837,0.12692307692307697,0.10849610637386481,0.073630943787242,0.5540157730728001,3.0779751163431515,ok,
polbooks,VAE,19,105.0,441.0,1.0,105.0,1.6952380952380952,0.11069769620272477,0.14395604395604406,0.0526328072139709,0.09778654336465631,0.8177611278958912,3.0363929773333167,ok,
polbooks,VAE,2,105.0,441.0,1.0,105.0,1.5047619047619047,0.11354219023474643,0.12271062271062266,0.0017390082078078684,0.04622185538640622,0.6000000000000001,0.9561261926071141,ok,
polbooks,VAE,20,105.0,441.0,1.0,105.0,1.6190476190476188,0.11448055748448034,0.17032967032967034,0.041301981243722974,0.08178737759722166,0.7454842658866759,2.368929556234212,ok,
polbooks,VAE,21,105.0,441.0,1.0,105.0,1.8095238095238093,0.12030222152817002,0.07967032967032966,0.027016424345720158,0.07416618865362845,0.8177611278958912,2.2978890263558385,ok,
polbooks,VAE,22,105.0,441.0,1.0,105.0,1.5047619047619043,0.0801296013820868,0.0941391941391942,0.06878000218668329,0.07312296661869189,0.7245112497836532,2.751082444451519,ok,
polbooks,VAE,23,105.0,441.0,1.0,105.0,1.7904761904761903,0.06723663697430596,0.14835164835164827,0.0034193463200627994,0.07918273885155025,0.5245112497836532,1.236168920881391,ok,
polbooks,VAE,24,105.0,441.0,1.0,105.0,1.5428571428571427,0.10591439712265435,0.09102564102564098,0.1135705702636205,0.06902012089843168,0.5632453937825672,2.664224430245379,ok,
polbooks,VAE,25,105.0,441.0,1.0,105.0,1.4285714285714286,0.1206050225651595,0.10915750915750932,0.0210264070350607,0.0658967912957229,0.5245112497836532,2.007595784176563,ok,
polbooks,VAE,26,105.0,441.0,1.0,105.0,1.4857142857142853,0.09883576949117401,0.07344322344322346,0.03530686271167288,0.07961798256334485,0.7245112497836532,2.506616487839405,ok,
polbooks,VAE,27,105.0,441.0,1.0,105.0,1.5238095238095237,0.05696746294313744,0.15769230769230763,0.12766641453812,0.08354539089063273,0.6979078010016792,3.4095443973972612,ok,
polbooks,VAE,28,105.0,441.0,1.0,105.0,1.5238095238095237,0.07742827343750366,0.17967032967032964,0.0012906238968982686,0.09120061585796346,1.0,3.234669748021119,ok,
polbooks,VAE,29,105.0,441.0,1.0,105.0,1.4857142857142853,0.10827385896243463,0.13681318681318677,0.07958317357317823,0.058085257498889264,0.5245112497836532,2.0993820833413475,ok,
polbooks,VAE,3,105.0,441.0,1.0,105.0,1.8476190476190475,0.0628350714979948,0.10586080586080587,0.06922991122797856,0.10508643482977587,0.7454842658866759,3.5257619472253268,ok,
polbooks,VAE,4,105.0,441.0,1.0,105.0,1.4095238095238092,0.07516965600860762,0.19395604395604393,0.0517124197686854,0.07278328454125482,0.8177611278958912,2.1373904378544295,ok,
polbooks,VAE,5,105.0,441.0,1.0,105.0,1.619047619047619,0.05974001988641528,0.11117216117216122,0.024405875452546577,0.07376514908727705,0.7245112497836532,2.3704957146369345,ok,
polbooks,VAE,6,105.0,441.0,1.0,105.0,1.542857142857143,0.1112770248138977,0.10036630036630056,0.03158580864784588,0.058443365700665884,0.4749156875380792,2.1968010025572378,ok,
polbooks,VAE,7,105.0,441.0,1.0,105.0,1.5047619047619045,0.09858975328319407,0.11355311355311365,0.02130082563755603,0.061964728691677795,0.8177611278958912,2.038496533983432,ok,
polbooks,VAE,8,105.0,441.0,1.0,105.0,1.7333333333333332,0.09191498031916853,0.09468864468864463,0.013741689333255813,0.07626962034372209,0.6000000000000001,1.7472003937530518,ok,
polbooks,VAE,9,105.0,441.0,1.0,105.0,1.7523809523809522,0.09293616857609319,0.11465201465201469,0.10783261734876534,0.08358488397494035,0.8,3.4541283428400003,ok,
football,EC-SBM,0,115.0,658.0,1.0,115.0,0.782608695652174,0.1250754474283886,0.08787185354691077,0.21411956195591286,0.0037193765247927058,0.28403986604270876,0.3677864194472539,ok,
football,EC-SBM,1,115.0,660.0,1.0,115.0,0.8173913043478261,0.1270709242448373,0.07383676582761255,0.20498505847177229,0.006686183436441562,0.32358990881006916,0.44186175417167817,ok,
football,EC-SBM,10,115.0,660.0,1.0,115.0,0.817391304347826,0.1234095348572398,0.08924485125858121,0.23182228376726388,0.0028064772840081798,0.44740439854154135,0.373488819586777,ok,
football,EC-SBM,11,115.0,659.0,1.0,115.0,0.7999999999999999,0.12824834869591903,0.07902364607170102,0.2589599724573264,0.0011189201191522669,0.28839091130531136,0.4126071822162145,ok,
football,EC-SBM,12,115.0,658.0,1.0,115.0,0.7999999999999999,0.12181545081800838,0.07246376811594205,0.1625376368380842,0.0015390566829583952,0.2035427827500974,0.5083971857884112,ok,
football,EC-SBM,13,115.0,659.0,1.0,115.0,0.8,0.12031199689767463,0.07948131197559115,0.24784816996719994,0.0014228707870377333,0.2035427827500974,0.4727060758897538,ok,
football,EC-SBM,14,115.0,658.0,1.0,115.0,0.7826086956521738,0.12024369634344059,0.06666666666666657,0.14293838425861005,0.003982187577534435,0.3283350638662539,0.6391465918213824,ok,
football,EC-SBM,15,115.0,660.0,1.0,115.0,0.817391304347826,0.11793222519094103,0.08817696414950414,0.2700800454466199,0.00024104337714880852,0.28403986604270876,0.3627551620290201,ok,
football,EC-SBM,16,115.0,658.0,1.0,115.0,0.782608695652174,0.12264107305028021,0.08497330282227308,0.1452520565724318,0.0036985895771481925,0.21778356279721614,0.45404214041486346,ok,
football,EC-SBM,17,115.0,659.0,1.0,115.0,0.8,0.11806190257596909,0.08054919908466816,0.23665233834188237,0.00033371422711458987,0.28741289692623173,0.44671309619296157,ok,
football,EC-SBM,18,115.0,659.0,1.0,115.0,0.8,0.1283356255028082,0.08482074752097633,0.106366302481673,0.0031432972009700633,0.18304637356323528,0.4692326886724533,ok,
football,EC-SBM,19,115.0,657.0,1.0,115.0,0.7652173913043478,0.12174354914764123,0.08207475209763539,0.21025619648568883,0.001213595219151764,0.43021079600241185,0.4329539149349014,ok,
football,EC-SBM,2,115.0,661.0,1.0,115.0,0.8347826086956521,0.12275692838891117,0.08771929824561403,0.26063779190438585,0.006708622147296173,0.28741289692623173,0.3229771922876739,ok,
football,EC-SBM,20,115.0,657.0,1.0,115.0,0.782608695652174,0.12167660273798382,0.08497330282227307,0.27019208828322805,0.0038205876470196465,0.5093108815371328,0.389197186878498,ok,
football,EC-SBM,21,115.0,658.0,1.0,115.0,0.7999999999999999,0.12968891012369274,0.08039664378337144,0.28907328686609235,0.0017665582766244192,0.1777401072502537,0.3392306401059351,ok,
football,EC-SBM,22,115.0,660.0,1.0,115.0,0.817391304347826,0.12570829120028204,0.09336384439359267,0.1072392376236524,0.0009745213611430659,0.28403986604270876,0.4317560219007178,ok,
football,EC-SBM,23,115.0,659.0,1.0,115.0,0.7999999999999999,0.1257994151344535,0.08497330282227299,0.19931979163268787,0.0042762042358160945,0.5527489362836173,0.43662359533676937,ok,
football,EC-SBM,24,115.0,659.0,1.0,115.0,0.7999999999999999,0.12290960934789175,0.06864988558352401,0.09490376692513225,0.001274349437957345,0.34980948743219553,0.5513980426349845,ok,
football,EC-SBM,25,115.0,661.0,1.0,115.0,0.8347826086956522,0.12247713213186359,0.08146453089244848,0.21011837094695807,0.009299479533414035,0.3955359227745088,0.3429164603649962,ok,
football,EC-SBM,26,115.0,658.0,1.0,115.0,0.7826086956521737,0.1240303203474559,0.07688787185354687,0.16104159411797458,0.004683169645327667,0.3002299167285983,0.5394339600795313,ok,
football,EC-SBM,27,115.0,660.0,1.0,115.0,0.817391304347826,0.12131177119197041,0.08741418764302054,0.2104032970480172,0.00010904154060165094,0.18304637356323528,0.33632361132580413,ok,
football,EC-SBM,28,115.0,661.0,1.0,115.0,0.834782608695652,0.12471663885986137,0.07917620137299775,0.22846181918389075,0.0057977023242618,0.35260347888107657,0.3657716028889848,ok,
football,EC-SBM,29,115.0,659.0,1.0,115.0,0.8,0.12740948026114268,0.07536231884057963,0.26218568248051,0.0014988584540091,0.2163598025524639,0.4452314314929482,ok,
football,EC-SBM,3,115.0,658.0,1.0,115.0,0.7826086956521738,0.11540024056648099,0.08207475209763535,0.22279950235148016,0.0016367269849678623,0.4006907715428156,0.4062693313750138,ok,
football,EC-SBM,4,115.0,659.0,1.0,115.0,0.7999999999999998,0.12613007339350052,0.08482074752097633,0.23037954170059893,0.0032051269760030587,0.326032592228442,0.4396268449395897,ok,
football,EC-SBM,5,115.0,660.0,1.0,115.0,0.817391304347826,0.11891249206365644,0.07917620137299768,0.21899359949425756,0.0015048174818320659,0.3927574346683078,0.3791873553786107,ok,
football,EC-SBM,6,115.0,659.0,1.0,115.0,0.8173913043478261,0.12438601900036819,0.07276887871853542,0.16409789303457178,0.01029074320943002,0.28078217335451783,0.4740198961268098,ok,
football,EC-SBM,7,115.0,658.0,1.0,115.0,0.782608695652174,0.1239626862570731,0.08375286041189925,0.2292829923674231,0.00016200853262549053,0.46976083876977226,0.3589903149280804,ok,
football,EC-SBM,8,115.0,659.0,1.0,115.0,0.8,0.12349977672228313,0.07978642257818462,0.2928917472538195,0.0035266895206892412,0.24216247805230762,0.4195546177951204,ok,
football,EC-SBM,9,115.0,658.0,1.0,115.0,0.7826086956521738,0.11777244068804171,0.07963386727688779,0.18715622925282438,0.0023728442495919433,0.4350859655418692,0.4822997043723177,ok,
football,RECCS,0,115.0,613.0,1.0,115.0,0.7652173913043478,0.07015067058545318,0.037833714721586476,0.31327439730959084,0.018392948859538794,0.32603259222844194,0.43615314110769615,ok,
football,RECCS,1,115.0,614.0,1.0,115.0,0.6782608695652174,0.07518418779288345,0.04942791762013722,0.3188147692183725,0.01957661846123737,0.3088873204921735,0.43160416432768545,ok,
football,RECCS,10,115.0,615.0,1.0,115.0,0.6608695652173913,0.07508641117336771,0.05873379099923717,0.3726583704657276,0.019294924571222283,0.4055744544706743,0.5885812428304035,ok,
football,RECCS,11,115.0,615.0,1.0,115.0,0.6782608695652174,0.05920890703499399,0.06346300533943558,0.30548959005644694,0.02897038230140947,0.24216247805230762,0.6006533415987144,ok,
football,RECCS,12,115.0,620.0,1.0,115.0,0.5565217391304349,0.06578788361397057,0.05934401220442406,0.35878543309298405,0.02393610794880574,0.28741289692623173,0.679581703486007,ok,
football,RECCS,13,115.0,614.0,1.0,115.0,0.6260869565217391,0.07383963862224732,0.05919145690312734,0.36732115931242726,0.01952091495244679,0.2163598025524639,0.5026020172123216,ok,
football,RECCS,14,115.0,613.0,1.0,115.0,0.6434782608695653,0.07000721500721502,0.06056445461479787,0.2661746443837256,0.02234218362877205,0.28078217335451783,0.5150123132624083,ok,
football,RECCS,15,115.0,615.0,1.0,115.0,0.591304347826087,0.06637550854942159,0.056598016781083144,0.2454387509643985,0.021083542457401183,0.28078217335451783,0.5876784274495376,ok,
football,RECCS,16,115.0,613.0,1.0,115.0,0.6608695652173915,0.06909187430926561,0.05064836003051104,0.21430702678395308,0.017413623795470068,0.3002299167285983,0.4033263359529303,ok,
football,RECCS,17,115.0,608.0,1.0,115.0,0.6956521739130435,0.07484008744878311,0.04973302822273068,0.3291006180874645,0.021959408597584607,0.2120938520782692,0.4554880040424641,ok,
football,RECCS,18,115.0,615.0,1.0,115.0,0.5565217391304349,0.06336769510682554,0.0567505720823798,0.35690672772819454,0.015799650594092385,0.2229905261241778,0.5739883685940378,ok,
football,RECCS,19,115.0,611.0,1.0,115.0,0.8521739130434782,0.080209018035105,0.04118993135011442,0.2774664211170257,0.019881050652256205,0.1754376356124418,0.4544008110488062,ok,
football,RECCS,2,115.0,615.0,1.0,115.0,0.6782608695652174,0.06826210021862196,0.05781845919145687,0.30930723008012717,0.02400243993905904,0.35260347888107657,0.6529584241731572,ok,
football,RECCS,20,115.0,615.0,1.0,115.0,0.6608695652173913,0.07094649312040616,0.06361556064073223,0.36713817565198714,0.023362609150507363,0.1777401072502537,0.6884021198264155,ok,
football,RECCS,21,115.0,610.0,1.0,115.0,0.6434782608695652,0.0699654934437543,0.04912280701754382,0.1967121376303287,0.019271255776711738,0.44306823222355507,0.4942763979214174,ok,
football,RECCS,22,115.0,614.0,1.0,115.0,0.7130434782608694,0.07047119547119547,0.05705568268497331,0.34482914841529766,0.018349814993826485,0.2581897466233309,0.5102036178662047,ok,
football,RECCS,23,115.0,620.0,1.0,115.0,0.5043478260869566,0.0629429025081199,0.06605644546147979,0.3995272445068119,0.018760509613738208,0.4346576159874095,0.6364342190780649,ok,
football,RECCS,24,115.0,610.0,1.0,115.0,0.6434782608695652,0.07208916687177558,0.05720823798627003,0.3707684925247863,0.022140108235728095,0.28078217335451783,0.6511867366148887,ok,
football,RECCS,25,115.0,611.0,1.0,115.0,0.7130434782608698,0.06886369668978364,0.05476735316552242,0.3194051084409364,0.021020820448222732,0.22166606886544551,0.6687163065013477,ok,
football,RECCS,26,115.0,606.0,1.0,115.0,0.6782608695652173,0.0676005565903264,0.04668192219679637,0.2816314114970693,0.01816463506198218,0.24216247805230762,0.5667593202577647,ok,
football,RECCS,27,115.0,603.0,1.0,115.0,0.8000000000000002,0.07304618087226782,0.0453089244851258,0.35476683902230977,0.025968647964624503,0.5390241393504059,0.5694817813574805,ok,
football,RECCS,28,115.0,606.0,1.0,115.0,0.7304347826086958,0.07011312359138447,0.05263157894736839,0.3616244798485979,0.018592153061306904,0.32603259222844194,0.6460286627882981,ok,
football,RECCS,29,115.0,612.0,1.0,115.0,0.8,0.08061117626335018,0.045766590389015996,0.25783546005235203,0.014804408255672974,0.28308464499232977,0.3532479210364464,ok,
football,RECCS,3,115.0,612.0,1.0,115.0,0.5043478260869566,0.05384243775548123,0.051868802440884834,0.2880047737515876,0.02819402336097432,0.5212131578642312,0.7826012189201771,ok,
football,RECCS,4,115.0,612.0,1.0,115.0,0.6086956521739131,0.05063101150057672,0.025781845919145688,0.2750974835538773,0.015913757224018443,0.4402408143101761,0.26021495073238865,ok,
football,RECCS,5,115.0,611.0,1.0,115.0,0.6782608695652175,0.06978345326171415,0.05125858123569796,0.2137483962430169,0.016085389545594575,0.2163598025524639,0.4905754392281056,ok,
football,RECCS,6,115.0,616.0,1.0,115.0,0.6086956521739131,0.07219867089432307,0.06346300533943554,0.307263566670787,0.024916058719888223,0.35741822538298906,0.689501543835698,ok,
football,RECCS,7,115.0,619.0,1.0,115.0,0.6260869565217391,0.07604361821753125,0.06849733028222728,0.3659697020874155,0.020102458776744436,0.1777401072502537,0.6722761258976532,ok,
football,RECCS,8,115.0,608.0,1.0,115.0,0.7478260869565218,0.07453126583561367,0.04698703279938976,0.312318051460001,0.019944064934149686,0.39373544904738744,0.449914691967293,ok,
football,RECCS,9,115.0,610.0,1.0,115.0,0.6260869565217393,0.06805387848866111,0.055225019069412656,0.2715701605224863,0.01842067797504554,0.2035427827500974,0.4626963973910536,ok,
football,VAE,0,115.0,613.0,1.0,115.0,1.1478260869565218,0.04333009985183897,0.021815408085431087,0.10294589185955294,0.04798705527132008,0.5559621972344784,0.6849847202326648,ok,
football,VAE,1,115.0,613.0,1.0,115.0,1.0260869565217392,0.014602019180024305,0.024713958810068715,0.01638822489689562,0.02740714521691845,0.24216247805230762,0.3174214448194165,ok,
football,VAE,10,115.0,613.0,1.0,115.0,1.2000000000000002,0.02789698224480833,0.011746758199847496,0.02843195877855198,0.028955556419082762,0.35260347888107657,0.6240211538368926,ok,
football,VAE,11,115.0,613.0,1.0,115.0,1.182608695652174,0.02163947163947164,0.03783371472158659,0.15628049689546475,0.017772345004969492,0.5617546814948331,0.13185395322674784,ok,
football,VAE,12,115.0,613.0,1.0,115.0,1.1478260869565218,0.013391729043902954,0.022730739893211338,0.021469264194381887,0.02889556695888207,0.280657464916637,0.5958371951903786,ok,
football,VAE,13,115.0,613.0,1.0,115.0,1.2521739130434781,0.021786281351498737,0.053089244851258655,0.18619255048170125,0.006141857830917918,0.3235899088100692,0.1278603965803228,ok,
football,VAE,14,115.0,613.0,1.0,115.0,1.2173913043478262,0.025908731791084733,0.026239511823035855,0.09248716096042275,0.024954274300652002,0.23595257338096967,0.36324932078139854,ok,
football,VAE,15,115.0,613.0,1.0,115.0,0.9913043478260871,0.016893251675860373,0.022273073989321213,0.0328220813928739,0.03115558488725889,0.44306823222355507,0.40111985894460034,ok,
football,VAE,16,115.0,613.0,1.0,115.0,0.8695652173913044,0.027878980922459183,0.010373760488176953,0.0258961004885514,0.041343618553122075,0.2567987436139366,0.8090089809601019,ok,
football,VAE,17,115.0,613.0,1.0,115.0,1.2173913043478262,0.03315923207227555,0.020747520976353906,0.04871814879170433,0.025560084758448065,0.47979085707753655,0.3611489368348246,ok,
football,VAE,18,115.0,613.0,1.0,115.0,1.0608695652173914,0.02983094200485504,0.0035087719298245723,0.14655379423236958,0.04196476157435858,0.28403986604270876,0.8690777066057297,ok,
football,VAE,19,115.0,613.0,1.0,115.0,1.0608695652173914,0.03107783094995371,0.036460717009916155,0.057494054421432406,0.005723690659244718,0.23671532305738918,0.2316298610167601,ok,
football,VAE,2,115.0,613.0,1.0,115.0,1.008695652173913,0.022038155081633336,0.015102974828375249,0.10001377975397663,0.03469699516584401,0.5212131578642312,0.6849637731139699,ok,
football,VAE,20,115.0,613.0,1.0,115.0,0.973913043478261,0.02202041919433223,0.03035850495804726,0.045586768318821136,0.03148250922490037,0.23595257338096967,0.5216781196031877,ok,
football,VAE,21,115.0,613.0,1.0,115.0,1.1826086956521742,0.03197589849763762,0.0035087719298245723,0.0391021292918301,0.03214526879195079,0.3235899088100692,0.7462805328106877,ok,
football,VAE,22,115.0,613.0,1.0,115.0,1.2695652173913046,0.019841366363105503,0.027612509534706342,0.1468320338862359,0.027304972773869896,0.40296967357363966,0.3684158439558488,ok,
football,VAE,23,115.0,613.0,1.0,115.0,1.0434782608695654,0.02299338342816603,0.008848207475209813,0.20728175981738706,0.0319529860793053,0.280657464916637,0.7401826798704384,ok,
football,VAE,24,115.0,613.0,1.0,115.0,1.391304347826087,0.022656522221739615,0.04363081617086201,0.06973512474184296,0.01799881848335405,0.280657464916637,0.10043689676730976,ok,
football,VAE,25,115.0,613.0,1.0,115.0,1.1304347826086956,0.029802255147523694,0.0340198321891686,0.16703397195070457,0.04059083351596371,0.4293541177322693,0.4852742460393131,ok,
football,VAE,26,115.0,613.0,1.0,115.0,0.9391304347826089,0.02900408769973986,0.020137299771167017,0.05295897300786612,0.03438849964013169,0.11632153112336946,0.6439243808072723,ok,
football,VAE,27,115.0,613.0,1.0,115.0,1.0260869565217392,0.037062894479774275,0.011899313501144204,0.07663140999499873,0.0356320986528893,0.23595257338096967,0.6692745933024836,ok,
football,VAE,28,115.0,613.0,1.0,115.0,0.9913043478260872,0.019606770041552653,0.03127383676582762,0.044844880489979255,0.016642751538142986,0.3955359227745088,0.13372358674574303,ok,
football,VAE,29,115.0,613.0,1.0,115.0,1.3217391304347825,0.022875988745553966,0.009610983981693355,0.05008632856409401,0.02252298177650469,0.3559858800071483,0.3645590963904395,ok,
football,VAE,3,115.0,613.0,1.0,115.0,1.1304347826086958,0.02450927589035007,0.06102212051868805,0.16297920802031873,0.004537629364401052,0.5121868282746156,0.23746459262289907,ok,
football,VAE,4,115.0,613.0,1.0,115.0,1.0782608695652174,0.025144107100628837,0.028070175438596467,0.040466147394911056,0.025967970612962854,0.35260347888107657,0.36061794025040894,ok,
football,VAE,5,115.0,613.0,1.0,115.0,0.9043478260869564,0.020803030444974176,0.03935926773455373,0.04652625088229545,0.03747252657471445,0.2567987436139365,0.561107540378262,ok,
football,VAE,6,115.0,613.0,1.0,115.0,0.9565217391304349,0.030527298788168344,0.0048817696414950595,0.14069119443173306,0.04287050653997593,0.3078985873454092,0.7032934185640385,ok,
football,VAE,7,115.0,613.0,1.0,115.0,0.991304347826087,0.02087827631305892,0.045461479786422565,0.06190987420513472,0.012859922951284686,0.1777401072502537,0.33901676922700685,ok,
football,VAE,8,115.0,613.0,1.0,115.0,0.9391304347826088,0.03012571969093708,0.0050343249427918235,0.05918129777403025,0.03272251547231486,0.4402408143101761,0.6490909899393783,ok,
football,VAE,9,115.0,613.0,1.0,115.0,1.0608695652173914,0.02399542486499008,0.030663615560640844,0.08026218115839101,0.02705563513212128,0.6804411307661109,0.44785229137029176,ok,
